Year,Locationabbr,Locationdesc,Class,Question,Topic,Response,Break_Out,Break_Out_Category,Sample_Size,Data_value,Confidence_limit_Low,Confidence_limit_High,Display_order,Data_value_unit,Data_value_type,Data_Value_Footnote_Symbol,Data_Value_Footnote,DataSource,ClassId,TopicId,LocationID,BreakoutID,BreakOutCategoryID,QuestionID,ResponseID,GeoLocation
2014,AL,Alabama,Health Care Access/Coverage,About how long has it been since you last visited a doctor for a routine checkup?,Last Checkup,Within the past year,Overall,Overall,"6,680",72.1,70.6,73.6,367,%,Crude Prevalence,,,BRFSS,CLASS07,Topic36,01,BO1,CAT1,CHECKUP1,RESP063,"(32.84057112200048, -86.63186076199969)"
2014,AL,Alabama,Health Care Access/Coverage,About how long has it been since you last visited a doctor for a routine checkup?,Last Checkup,Within the past 2 years,Overall,Overall,801,11.7,10.6,12.8,368,%,Crude Prevalence,,,BRFSS,CLASS07,Topic36,01,BO1,CAT1,CHECKUP1,RESP064,"(32.84057112200048, -86.63186076199969)"
2014,AL,Alabama,Health Care Access/Coverage,About how long has it been since you last visited a doctor for a routine checkup?,Last Checkup,Within the past 5 years,Overall,Overall,418,6.7,5.9,7.5,369,%,Crude Prevalence,,,BRFSS,CLASS07,Topic36,01,BO1,CAT1,CHECKUP1,RESP065,"(32.84057112200048, -86.63186076199969)"
2014,AL,Alabama,Health Care Access/Coverage,About how long has it been since you last visited a doctor for a routine checkup?,Last Checkup,5 or more years ago,Overall,Overall,501,8.3,7.4,9.3,370,%,Crude Prevalence,,,BRFSS,CLASS07,Topic36,01,BO1,CAT1,CHECKUP1,RESP066,"(32.84057112200048, -86.63186076199969)"
2014,AL,Alabama,Health Care Access/Coverage,About how long has it been since you last visited a doctor for a routine checkup?,Last Checkup,Never,Overall,Overall,77,1.2,0.8,1.6,371,%,Crude Prevalence,,,BRFSS,CLASS07,Topic36,01,BO1,CAT1,CHECKUP1,RESP067,"(32.84057112200048, -86.63186076199969)"
2014,AK,Alaska,Health Care Access/Coverage,About how long has it been since you last visited a doctor for a routine checkup?,Last Checkup,Within the past year,Overall,Overall,"2,725",57.8,55.6,59.9,367,%,Crude Prevalence,,,BRFSS,CLASS07,Topic36,02,BO1,CAT1,CHECKUP1,RESP063,"(64.84507995700051, -147.72205903599973)"
2014,AK,Alaska,Health Care Access/Coverage,About how long has it been since you last visited a doctor for a routine checkup?,Last Checkup,Within the past 2 years,Overall,Overall,686,16.3,14.7,17.8,368,%,Crude Prevalence,,,BRFSS,CLASS07,Topic36,02,BO1,CAT1,CHECKUP1,RESP064,"(64.84507995700051, -147.72205903599973)"
2014,AK,Alaska,Health Care Access/Coverage,About how long has it been since you last visited a doctor for a routine checkup?,Last Checkup,Within the past 5 years,Overall,Overall,415,11.7,10.2,13.1,369,%,Crude Prevalence,,,BRFSS,CLASS07,Topic36,02,BO1,CAT1,CHECKUP1,RESP065,"(64.84507995700051, -147.72205903599973)"
2014,AK,Alaska,Health Care Access/Coverage,About how long has it been since you last visited a doctor for a routine checkup?,Last Checkup,5 or more years ago,Overall,Overall,473,13.2,11.7,14.8,370,%,Crude Prevalence,,,BRFSS,CLASS07,Topic36,02,BO1,CAT1,CHECKUP1,RESP066,"(64.84507995700051, -147.72205903599973)"
2014,AK,Alaska,Health Care Access/Coverage,About how long has it been since you last visited a doctor for a routine checkup?,Last Checkup,Never,Overall,Overall,35,1.1,0.5,1.6,371,%,Crude Prevalence,,,BRFSS,CLASS07,Topic36,02,BO1,CAT1,CHECKUP1,RESP067,"(64.84507995700051, -147.72205903599973)"
2014,AZ,Arizona,Health Care Access/Coverage,About how long has it been since you last visited a doctor for a routine checkup?,Last Checkup,Within the past year,Overall,Overall,"10,859",63.9,62.5,65.3,367,%,Crude Prevalence,,,BRFSS,CLASS07,Topic36,04,BO1,CAT1,CHECKUP1,RESP063,"(34.865970280000454, -111.76381127699972)"
2014,AZ,Arizona,Health Care Access/Coverage,About how long has it been since you last visited a doctor for a routine checkup?,Last Checkup,Within the past 2 years,Overall,Overall,"1,827",15.1,14,16.1,368,%,Crude Prevalence,,,BRFSS,CLASS07,Topic36,04,BO1,CAT1,CHECKUP1,RESP064,"(34.865970280000454, -111.76381127699972)"
2014,AZ,Arizona,Health Care Access/Coverage,About how long has it been since you last visited a doctor for a routine checkup?,Last Checkup,Within the past 5 years,Overall,Overall,"1,005",10.8,9.8,11.8,369,%,Crude Prevalence,,,BRFSS,CLASS07,Topic36,04,BO1,CAT1,CHECKUP1,RESP065,"(34.865970280000454, -111.76381127699972)"
2014,AZ,Arizona,Health Care Access/Coverage,About how long has it been since you last visited a doctor for a routine checkup?,Last Checkup,5 or more years ago,Overall,Overall,838,8.4,7.6,9.3,370,%,Crude Prevalence,,,BRFSS,CLASS07,Topic36,04,BO1,CAT1,CHECKUP1,RESP066,"(34.865970280000454, -111.76381127699972)"
2014,AZ,Arizona,Health Care Access/Coverage,About how long has it been since you last visited a doctor for a routine checkup?,Last Checkup,Never,Overall,Overall,135,1.9,1.4,2.3,371,%,Crude Prevalence,,,BRFSS,CLASS07,Topic36,04,BO1,CAT1,CHECKUP1,RESP067,"(34.865970280000454, -111.76381127699972)"
2014,AR,Arkansas,Health Care Access/Coverage,About how long has it been since you last visited a doctor for a routine checkup?,Last Checkup,Within the past year,Overall,Overall,"3,873",66.1,64,68.2,366,%,Crude Prevalence,,,BRFSS,CLASS07,Topic36,05,BO1,CAT1,CHECKUP1,RESP063,"(34.74865012400045, -92.27449074299966)"
2014,AR,Arkansas,Health Care Access/Coverage,About how long has it been since you last visited a doctor for a routine checkup?,Last Checkup,Within the past 2 years,Overall,Overall,484,11.1,9.7,12.5,367,%,Crude Prevalence,,,BRFSS,CLASS07,Topic36,05,BO1,CAT1,CHECKUP1,RESP064,"(34.74865012400045, -92.27449074299966)"
2014,AR,Arkansas,Health Care Access/Coverage,About how long has it been since you last visited a doctor for a routine checkup?,Last Checkup,Within the past 5 years,Overall,Overall,314,10.2,8.7,11.7,368,%,Crude Prevalence,,,BRFSS,CLASS07,Topic36,05,BO1,CAT1,CHECKUP1,RESP065,"(34.74865012400045, -92.27449074299966)"
2014,AR,Arkansas,Health Care Access/Coverage,About how long has it been since you last visited a doctor for a routine checkup?,Last Checkup,5 or more years ago,Overall,Overall,367,10.1,8.7,11.5,369,%,Crude Prevalence,,,BRFSS,CLASS07,Topic36,05,BO1,CAT1,CHECKUP1,RESP066,"(34.74865012400045, -92.27449074299966)"
2014,AR,Arkansas,Health Care Access/Coverage,About how long has it been since you last visited a doctor for a routine checkup?,Last Checkup,Never,Overall,Overall,89,2.5,1.7,3.3,370,%,Crude Prevalence,,,BRFSS,CLASS07,Topic36,05,BO1,CAT1,CHECKUP1,RESP067,"(34.74865012400045, -92.27449074299966)"
2014,CA,California,Health Care Access/Coverage,About how long has it been since you last visited a doctor for a routine checkup?,Last Checkup,Within the past year,Overall,Overall,"6,012",66.6,65.3,67.9,367,%,Crude Prevalence,,,BRFSS,CLASS07,Topic36,06,BO1,CAT1,CHECKUP1,RESP063,"(37.63864012300047, -120.99999953799971)"
2014,CA,California,Health Care Access/Coverage,About how long has it been since you last visited a doctor for a routine checkup?,Last Checkup,Within the past 2 years,Overall,Overall,"1,281",15.1,14.1,16.1,368,%,Crude Prevalence,,,BRFSS,CLASS07,Topic36,06,BO1,CAT1,CHECKUP1,RESP064,"(37.63864012300047, -120.99999953799971)"
2014,CA,California,Health Care Access/Coverage,About how long has it been since you last visited a doctor for a routine checkup?,Last Checkup,Within the past 5 years,Overall,Overall,720,9.2,8.3,10,369,%,Crude Prevalence,,,BRFSS,CLASS07,Topic36,06,BO1,CAT1,CHECKUP1,RESP065,"(37.63864012300047, -120.99999953799971)"
2014,CA,California,Health Care Access/Coverage,About how long has it been since you last visited a doctor for a routine checkup?,Last Checkup,5 or more years ago,Overall,Overall,637,7.5,6.8,8.3,370,%,Crude Prevalence,,,BRFSS,CLASS07,Topic36,06,BO1,CAT1,CHECKUP1,RESP066,"(37.63864012300047, -120.99999953799971)"
2014,CA,California,Health Care Access/Coverage,About how long has it been since you last visited a doctor for a routine checkup?,Last Checkup,Never,Overall,Overall,112,1.6,1.2,1.9,371,%,Crude Prevalence,,,BRFSS,CLASS07,Topic36,06,BO1,CAT1,CHECKUP1,RESP067,"(37.63864012300047, -120.99999953799971)"
2014,CO,Colorado,Health Care Access/Coverage,About how long has it been since you last visited a doctor for a routine checkup?,Last Checkup,Within the past year,Overall,Overall,"8,867",62.7,61.6,63.8,367,%,Crude Prevalence,,,BRFSS,CLASS07,Topic36,08,BO1,CAT1,CHECKUP1,RESP063,"(38.843840757000464, -106.13361092099967)"
2014,CO,Colorado,Health Care Access/Coverage,About how long has it been since you last visited a doctor for a routine checkup?,Last Checkup,Within the past 2 years,Overall,Overall,"1,931",15.7,14.9,16.5,368,%,Crude Prevalence,,,BRFSS,CLASS07,Topic36,08,BO1,CAT1,CHECKUP1,RESP064,"(38.843840757000464, -106.13361092099967)"
2014,CO,Colorado,Health Care Access/Coverage,About how long has it been since you last visited a doctor for a routine checkup?,Last Checkup,Within the past 5 years,Overall,Overall,"1,201",11.3,10.6,12.1,369,%,Crude Prevalence,,,BRFSS,CLASS07,Topic36,08,BO1,CAT1,CHECKUP1,RESP065,"(38.843840757000464, -106.13361092099967)"
2014,CO,Colorado,Health Care Access/Coverage,About how long has it been since you last visited a doctor for a routine checkup?,Last Checkup,5 or more years ago,Overall,Overall,"1,002",8.8,8.2,9.5,370,%,Crude Prevalence,,,BRFSS,CLASS07,Topic36,08,BO1,CAT1,CHECKUP1,RESP066,"(38.843840757000464, -106.13361092099967)"
2014,CO,Colorado,Health Care Access/Coverage,About how long has it been since you last visited a doctor for a routine checkup?,Last Checkup,Never,Overall,Overall,140,1.5,1.2,1.9,371,%,Crude Prevalence,,,BRFSS,CLASS07,Topic36,08,BO1,CAT1,CHECKUP1,RESP067,"(38.843840757000464, -106.13361092099967)"
2014,CT,Connecticut,Health Care Access/Coverage,About how long has it been since you last visited a doctor for a routine checkup?,Last Checkup,Within the past year,Overall,Overall,"6,031",72,70.5,73.4,367,%,Crude Prevalence,,,BRFSS,CLASS07,Topic36,09,BO1,CAT1,CHECKUP1,RESP063,"(41.56266102000046, -72.64984095199964)"
2014,CT,Connecticut,Health Care Access/Coverage,About how long has it been since you last visited a doctor for a routine checkup?,Last Checkup,Within the past 2 years,Overall,Overall,"1,014",14.5,13.3,15.6,368,%,Crude Prevalence,,,BRFSS,CLASS07,Topic36,09,BO1,CAT1,CHECKUP1,RESP064,"(41.56266102000046, -72.64984095199964)"
2014,CT,Connecticut,Health Care Access/Coverage,About how long has it been since you last visited a doctor for a routine checkup?,Last Checkup,Within the past 5 years,Overall,Overall,459,7.2,6.3,8,369,%,Crude Prevalence,,,BRFSS,CLASS07,Topic36,09,BO1,CAT1,CHECKUP1,RESP065,"(41.56266102000046, -72.64984095199964)"
2014,CT,Connecticut,Health Care Access/Coverage,About how long has it been since you last visited a doctor for a routine checkup?,Last Checkup,5 or more years ago,Overall,Overall,328,5.3,4.6,6.1,370,%,Crude Prevalence,,,BRFSS,CLASS07,Topic36,09,BO1,CAT1,CHECKUP1,RESP066,"(41.56266102000046, -72.64984095199964)"
2014,CT,Connecticut,Health Care Access/Coverage,About how long has it been since you last visited a doctor for a routine checkup?,Last Checkup,Never,Overall,Overall,53,1.1,0.7,1.5,371,%,Crude Prevalence,,,BRFSS,CLASS07,Topic36,09,BO1,CAT1,CHECKUP1,RESP067,"(41.56266102000046, -72.64984095199964)"
2014,DE,Delaware,Health Care Access/Coverage,About how long has it been since you last visited a doctor for a routine checkup?,Last Checkup,Within the past year,Overall,Overall,"3,385",74,72,76.1,367,%,Crude Prevalence,,,BRFSS,CLASS07,Topic36,10,BO1,CAT1,CHECKUP1,RESP063,"(39.008830667000495, -75.57774116799965)"
2014,DE,Delaware,Health Care Access/Coverage,About how long has it been since you last visited a doctor for a routine checkup?,Last Checkup,Within the past 2 years,Overall,Overall,434,12.8,11.2,14.4,368,%,Crude Prevalence,,,BRFSS,CLASS07,Topic36,10,BO1,CAT1,CHECKUP1,RESP064,"(39.008830667000495, -75.57774116799965)"
2014,DE,Delaware,Health Care Access/Coverage,About how long has it been since you last visited a doctor for a routine checkup?,Last Checkup,Within the past 5 years,Overall,Overall,225,7.4,6.2,8.7,369,%,Crude Prevalence,,,BRFSS,CLASS07,Topic36,10,BO1,CAT1,CHECKUP1,RESP065,"(39.008830667000495, -75.57774116799965)"
2014,DE,Delaware,Health Care Access/Coverage,About how long has it been since you last visited a doctor for a routine checkup?,Last Checkup,5 or more years ago,Overall,Overall,163,4.7,3.7,5.7,370,%,Crude Prevalence,,,BRFSS,CLASS07,Topic36,10,BO1,CAT1,CHECKUP1,RESP066,"(39.008830667000495, -75.57774116799965)"
2014,DE,Delaware,Health Care Access/Coverage,About how long has it been since you last visited a doctor for a routine checkup?,Last Checkup,Never,Overall,Overall,33,1,0.6,1.4,371,%,Crude Prevalence,,,BRFSS,CLASS07,Topic36,10,BO1,CAT1,CHECKUP1,RESP067,"(39.008830667000495, -75.57774116799965)"
2014,DC,District of Columbia,Health Care Access/Coverage,About how long has it been since you last visited a doctor for a routine checkup?,Last Checkup,Within the past year,Overall,Overall,"3,213",74,71.5,76.5,367,%,Crude Prevalence,,,BRFSS,CLASS07,Topic36,11,BO1,CAT1,CHECKUP1,RESP063,"(38.89037138500049, -77.03196112699965)"
2014,DC,District of Columbia,Health Care Access/Coverage,About how long has it been since you last visited a doctor for a routine checkup?,Last Checkup,Within the past 2 years,Overall,Overall,498,15.1,13.1,17.1,368,%,Crude Prevalence,,,BRFSS,CLASS07,Topic36,11,BO1,CAT1,CHECKUP1,RESP064,"(38.89037138500049, -77.03196112699965)"
2014,DC,District of Columbia,Health Care Access/Coverage,About how long has it been since you last visited a doctor for a routine checkup?,Last Checkup,Within the past 5 years,Overall,Overall,213,7,5.5,8.5,369,%,Crude Prevalence,,,BRFSS,CLASS07,Topic36,11,BO1,CAT1,CHECKUP1,RESP065,"(38.89037138500049, -77.03196112699965)"
2014,DC,District of Columbia,Health Care Access/Coverage,About how long has it been since you last visited a doctor for a routine checkup?,Last Checkup,5 or more years ago,Overall,Overall,96,3.5,2.3,4.6,370,%,Crude Prevalence,,,BRFSS,CLASS07,Topic36,11,BO1,CAT1,CHECKUP1,RESP066,"(38.89037138500049, -77.03196112699965)"
2014,DC,District of Columbia,Health Care Access/Coverage,About how long has it been since you last visited a doctor for a routine checkup?,Last Checkup,Never,Overall,Overall,13,,,,371,%,Crude Prevalence,*,Prevalence estimate not available if the unweighted sample size for the denominator was < 50 or the Relative Standard Error (RSE) is > 0.3 or if the state did not collect data for that calendar year.,BRFSS,CLASS07,Topic36,11,BO1,CAT1,CHECKUP1,RESP067,"(38.89037138500049, -77.03196112699965)"
2014,FL,Florida,Health Care Access/Coverage,About how long has it been since you last visited a doctor for a routine checkup?,Last Checkup,Within the past year,Overall,Overall,"7,706",73,71.7,74.2,367,%,Crude Prevalence,,,BRFSS,CLASS07,Topic36,12,BO1,CAT1,CHECKUP1,RESP063,"(28.932040377000476, -81.92896053899966)"
2014,FL,Florida,Health Care Access/Coverage,About how long has it been since you last visited a doctor for a routine checkup?,Last Checkup,Within the past 2 years,Overall,Overall,885,11.4,10.4,12.3,368,%,Crude Prevalence,,,BRFSS,CLASS07,Topic36,12,BO1,CAT1,CHECKUP1,RESP064,"(28.932040377000476, -81.92896053899966)"
2014,FL,Florida,Health Care Access/Coverage,About how long has it been since you last visited a doctor for a routine checkup?,Last Checkup,Within the past 5 years,Overall,Overall,542,7.2,6.4,7.9,369,%,Crude Prevalence,,,BRFSS,CLASS07,Topic36,12,BO1,CAT1,CHECKUP1,RESP065,"(28.932040377000476, -81.92896053899966)"
2014,FL,Florida,Health Care Access/Coverage,About how long has it been since you last visited a doctor for a routine checkup?,Last Checkup,5 or more years ago,Overall,Overall,564,8,7.2,8.8,370,%,Crude Prevalence,,,BRFSS,CLASS07,Topic36,12,BO1,CAT1,CHECKUP1,RESP066,"(28.932040377000476, -81.92896053899966)"
2014,FL,Florida,Health Care Access/Coverage,About how long has it been since you last visited a doctor for a routine checkup?,Last Checkup,Never,Overall,Overall,36,0.5,0.3,0.8,371,%,Crude Prevalence,,,BRFSS,CLASS07,Topic36,12,BO1,CAT1,CHECKUP1,RESP067,"(28.932040377000476, -81.92896053899966)"
2014,GA,Georgia,Health Care Access/Coverage,About how long has it been since you last visited a doctor for a routine checkup?,Last Checkup,Within the past year,Overall,Overall,"4,947",71.7,70.1,73.4,367,%,Crude Prevalence,,,BRFSS,CLASS07,Topic36,13,BO1,CAT1,CHECKUP1,RESP063,"(32.83968109300048, -83.62758034599966)"
2014,GA,Georgia,Health Care Access/Coverage,About how long has it been since you last visited a doctor for a routine checkup?,Last Checkup,Within the past 2 years,Overall,Overall,579,11.5,10.4,12.7,368,%,Crude Prevalence,,,BRFSS,CLASS07,Topic36,13,BO1,CAT1,CHECKUP1,RESP064,"(32.83968109300048, -83.62758034599966)"
2014,GA,Georgia,Health Care Access/Coverage,About how long has it been since you last visited a doctor for a routine checkup?,Last Checkup,Within the past 5 years,Overall,Overall,342,8.1,7,9.1,369,%,Crude Prevalence,,,BRFSS,CLASS07,Topic36,13,BO1,CAT1,CHECKUP1,RESP065,"(32.83968109300048, -83.62758034599966)"
2014,GA,Georgia,Health Care Access/Coverage,About how long has it been since you last visited a doctor for a routine checkup?,Last Checkup,5 or more years ago,Overall,Overall,335,7.1,6.1,8.1,370,%,Crude Prevalence,,,BRFSS,CLASS07,Topic36,13,BO1,CAT1,CHECKUP1,RESP066,"(32.83968109300048, -83.62758034599966)"
2014,GA,Georgia,Health Care Access/Coverage,About how long has it been since you last visited a doctor for a routine checkup?,Last Checkup,Never,Overall,Overall,59,1.6,1,2.1,371,%,Crude Prevalence,,,BRFSS,CLASS07,Topic36,13,BO1,CAT1,CHECKUP1,RESP067,"(32.83968109300048, -83.62758034599966)"
2014,HI,Hawaii,Health Care Access/Coverage,About how long has it been since you last visited a doctor for a routine checkup?,Last Checkup,Within the past year,Overall,Overall,"4,930",67.6,66,69.2,367,%,Crude Prevalence,,,BRFSS,CLASS07,Topic36,15,BO1,CAT1,CHECKUP1,RESP063,"(21.304850435000446, -157.85774940299973)"
2014,HI,Hawaii,Health Care Access/Coverage,About how long has it been since you last visited a doctor for a routine checkup?,Last Checkup,Within the past 2 years,Overall,Overall,942,14.3,13.1,15.5,368,%,Crude Prevalence,,,BRFSS,CLASS07,Topic36,15,BO1,CAT1,CHECKUP1,RESP064,"(21.304850435000446, -157.85774940299973)"
2014,HI,Hawaii,Health Care Access/Coverage,About how long has it been since you last visited a doctor for a routine checkup?,Last Checkup,Within the past 5 years,Overall,Overall,633,8.7,7.8,9.6,369,%,Crude Prevalence,,,BRFSS,CLASS07,Topic36,15,BO1,CAT1,CHECKUP1,RESP065,"(21.304850435000446, -157.85774940299973)"
2014,HI,Hawaii,Health Care Access/Coverage,About how long has it been since you last visited a doctor for a routine checkup?,Last Checkup,5 or more years ago,Overall,Overall,650,8.7,7.7,9.6,370,%,Crude Prevalence,,,BRFSS,CLASS07,Topic36,15,BO1,CAT1,CHECKUP1,RESP066,"(21.304850435000446, -157.85774940299973)"
2014,HI,Hawaii,Health Care Access/Coverage,About how long has it been since you last visited a doctor for a routine checkup?,Last Checkup,Never,Overall,Overall,52,0.7,0.4,1,371,%,Crude Prevalence,,,BRFSS,CLASS07,Topic36,15,BO1,CAT1,CHECKUP1,RESP067,"(21.304850435000446, -157.85774940299973)"
2014,ID,Idaho,Health Care Access/Coverage,About how long has it been since you last visited a doctor for a routine checkup?,Last Checkup,Within the past year,Overall,Overall,"3,488",58,56.1,60,366,%,Crude Prevalence,,,BRFSS,CLASS07,Topic36,16,BO1,CAT1,CHECKUP1,RESP063,"(43.682630005000476, -114.3637300419997)"
2014,ID,Idaho,Health Care Access/Coverage,About how long has it been since you last visited a doctor for a routine checkup?,Last Checkup,Within the past 2 years,Overall,Overall,711,15.5,14,17,367,%,Crude Prevalence,,,BRFSS,CLASS07,Topic36,16,BO1,CAT1,CHECKUP1,RESP064,"(43.682630005000476, -114.3637300419997)"
2014,ID,Idaho,Health Care Access/Coverage,About how long has it been since you last visited a doctor for a routine checkup?,Last Checkup,Within the past 5 years,Overall,Overall,534,11.1,9.9,12.4,368,%,Crude Prevalence,,,BRFSS,CLASS07,Topic36,16,BO1,CAT1,CHECKUP1,RESP065,"(43.682630005000476, -114.3637300419997)"
2014,ID,Idaho,Health Care Access/Coverage,About how long has it been since you last visited a doctor for a routine checkup?,Last Checkup,5 or more years ago,Overall,Overall,654,14.4,13,15.9,369,%,Crude Prevalence,,,BRFSS,CLASS07,Topic36,16,BO1,CAT1,CHECKUP1,RESP066,"(43.682630005000476, -114.3637300419997)"
2014,ID,Idaho,Health Care Access/Coverage,About how long has it been since you last visited a doctor for a routine checkup?,Last Checkup,Never,Overall,Overall,46,0.9,0.6,1.3,370,%,Crude Prevalence,,,BRFSS,CLASS07,Topic36,16,BO1,CAT1,CHECKUP1,RESP067,"(43.682630005000476, -114.3637300419997)"
2014,IL,Illinois,Health Care Access/Coverage,About how long has it been since you last visited a doctor for a routine checkup?,Last Checkup,Within the past year,Overall,Overall,"3,680",69.2,67.5,70.9,367,%,Crude Prevalence,,,BRFSS,CLASS07,Topic36,17,BO1,CAT1,CHECKUP1,RESP063,"(40.48501028300046, -88.99771017799969)"
2014,IL,Illinois,Health Care Access/Coverage,About how long has it been since you last visited a doctor for a routine checkup?,Last Checkup,Within the past 2 years,Overall,Overall,640,13.8,12.5,15.1,368,%,Crude Prevalence,,,BRFSS,CLASS07,Topic36,17,BO1,CAT1,CHECKUP1,RESP064,"(40.48501028300046, -88.99771017799969)"
2014,IL,Illinois,Health Care Access/Coverage,About how long has it been since you last visited a doctor for a routine checkup?,Last Checkup,Within the past 5 years,Overall,Overall,368,8.4,7.4,9.4,369,%,Crude Prevalence,,,BRFSS,CLASS07,Topic36,17,BO1,CAT1,CHECKUP1,RESP065,"(40.48501028300046, -88.99771017799969)"
2014,IL,Illinois,Health Care Access/Coverage,About how long has it been since you last visited a doctor for a routine checkup?,Last Checkup,5 or more years ago,Overall,Overall,321,7.7,6.7,8.8,370,%,Crude Prevalence,,,BRFSS,CLASS07,Topic36,17,BO1,CAT1,CHECKUP1,RESP066,"(40.48501028300046, -88.99771017799969)"
2014,IL,Illinois,Health Care Access/Coverage,About how long has it been since you last visited a doctor for a routine checkup?,Last Checkup,Never,Overall,Overall,36,0.9,0.5,1.2,371,%,Crude Prevalence,,,BRFSS,CLASS07,Topic36,17,BO1,CAT1,CHECKUP1,RESP067,"(40.48501028300046, -88.99771017799969)"
2014,IN,Indiana,Health Care Access/Coverage,About how long has it been since you last visited a doctor for a routine checkup?,Last Checkup,Within the past year,Overall,Overall,"8,271",65.1,63.8,66.3,367,%,Crude Prevalence,,,BRFSS,CLASS07,Topic36,18,BO1,CAT1,CHECKUP1,RESP063,"(39.766910452000445, -86.14996019399968)"
2014,IN,Indiana,Health Care Access/Coverage,About how long has it been since you last visited a doctor for a routine checkup?,Last Checkup,Within the past 2 years,Overall,Overall,"1,325",13.2,12.4,14.1,368,%,Crude Prevalence,,,BRFSS,CLASS07,Topic36,18,BO1,CAT1,CHECKUP1,RESP064,"(39.766910452000445, -86.14996019399968)"
2014,IN,Indiana,Health Care Access/Coverage,About how long has it been since you last visited a doctor for a routine checkup?,Last Checkup,Within the past 5 years,Overall,Overall,824,9.5,8.7,10.2,369,%,Crude Prevalence,,,BRFSS,CLASS07,Topic36,18,BO1,CAT1,CHECKUP1,RESP065,"(39.766910452000445, -86.14996019399968)"
2014,IN,Indiana,Health Care Access/Coverage,About how long has it been since you last visited a doctor for a routine checkup?,Last Checkup,5 or more years ago,Overall,Overall,929,11.6,10.7,12.5,370,%,Crude Prevalence,,,BRFSS,CLASS07,Topic36,18,BO1,CAT1,CHECKUP1,RESP066,"(39.766910452000445, -86.14996019399968)"
2014,IN,Indiana,Health Care Access/Coverage,About how long has it been since you last visited a doctor for a routine checkup?,Last Checkup,Never,Overall,Overall,66,0.7,0.5,0.9,371,%,Crude Prevalence,,,BRFSS,CLASS07,Topic36,18,BO1,CAT1,CHECKUP1,RESP067,"(39.766910452000445, -86.14996019399968)"
2014,IA,Iowa,Health Care Access/Coverage,About how long has it been since you last visited a doctor for a routine checkup?,Last Checkup,Within the past year,Overall,Overall,"6,144",71,69.6,72.4,367,%,Crude Prevalence,,,BRFSS,CLASS07,Topic36,19,BO1,CAT1,CHECKUP1,RESP063,"(42.46940091300047, -93.81649055599968)"
2014,IA,Iowa,Health Care Access/Coverage,About how long has it been since you last visited a doctor for a routine checkup?,Last Checkup,Within the past 2 years,Overall,Overall,851,12.2,11.2,13.2,368,%,Crude Prevalence,,,BRFSS,CLASS07,Topic36,19,BO1,CAT1,CHECKUP1,RESP064,"(42.46940091300047, -93.81649055599968)"
2014,IA,Iowa,Health Care Access/Coverage,About how long has it been since you last visited a doctor for a routine checkup?,Last Checkup,Within the past 5 years,Overall,Overall,472,7.4,6.6,8.2,369,%,Crude Prevalence,,,BRFSS,CLASS07,Topic36,19,BO1,CAT1,CHECKUP1,RESP065,"(42.46940091300047, -93.81649055599968)"
2014,IA,Iowa,Health Care Access/Coverage,About how long has it been since you last visited a doctor for a routine checkup?,Last Checkup,5 or more years ago,Overall,Overall,496,8.2,7.3,9.1,370,%,Crude Prevalence,,,BRFSS,CLASS07,Topic36,19,BO1,CAT1,CHECKUP1,RESP066,"(42.46940091300047, -93.81649055599968)"
2014,IA,Iowa,Health Care Access/Coverage,About how long has it been since you last visited a doctor for a routine checkup?,Last Checkup,Never,Overall,Overall,65,1.2,0.9,1.6,371,%,Crude Prevalence,,,BRFSS,CLASS07,Topic36,19,BO1,CAT1,CHECKUP1,RESP067,"(42.46940091300047, -93.81649055599968)"
2014,KS,Kansas,Health Care Access/Coverage,About how long has it been since you last visited a doctor for a routine checkup?,Last Checkup,Within the past year,Overall,Overall,"9,782",67.8,66.7,68.8,367,%,Crude Prevalence,,,BRFSS,CLASS07,Topic36,20,BO1,CAT1,CHECKUP1,RESP063,"(38.34774030000045, -98.20078122699965)"
2014,KS,Kansas,Health Care Access/Coverage,About how long has it been since you last visited a doctor for a routine checkup?,Last Checkup,Within the past 2 years,Overall,Overall,"1,585",13.2,12.5,14,368,%,Crude Prevalence,,,BRFSS,CLASS07,Topic36,20,BO1,CAT1,CHECKUP1,RESP064,"(38.34774030000045, -98.20078122699965)"
2014,KS,Kansas,Health Care Access/Coverage,About how long has it been since you last visited a doctor for a routine checkup?,Last Checkup,Within the past 5 years,Overall,Overall,935,8.7,8.1,9.4,369,%,Crude Prevalence,,,BRFSS,CLASS07,Topic36,20,BO1,CAT1,CHECKUP1,RESP065,"(38.34774030000045, -98.20078122699965)"
2014,KS,Kansas,Health Care Access/Coverage,About how long has it been since you last visited a doctor for a routine checkup?,Last Checkup,5 or more years ago,Overall,Overall,923,8.5,7.9,9.1,370,%,Crude Prevalence,,,BRFSS,CLASS07,Topic36,20,BO1,CAT1,CHECKUP1,RESP066,"(38.34774030000045, -98.20078122699965)"
2014,KS,Kansas,Health Care Access/Coverage,About how long has it been since you last visited a doctor for a routine checkup?,Last Checkup,Never,Overall,Overall,170,1.8,1.5,2.1,371,%,Crude Prevalence,,,BRFSS,CLASS07,Topic36,20,BO1,CAT1,CHECKUP1,RESP067,"(38.34774030000045, -98.20078122699965)"
2014,KY,Kentucky,Health Care Access/Coverage,About how long has it been since you last visited a doctor for a routine checkup?,Last Checkup,Within the past year,Overall,Overall,"8,827",71.9,70.3,73.4,367,%,Crude Prevalence,,,BRFSS,CLASS07,Topic36,21,BO1,CAT1,CHECKUP1,RESP063,"(37.645970271000465, -84.77497104799966)"
2014,KY,Kentucky,Health Care Access/Coverage,About how long has it been since you last visited a doctor for a routine checkup?,Last Checkup,Within the past 2 years,Overall,Overall,832,9.8,8.8,10.8,368,%,Crude Prevalence,,,BRFSS,CLASS07,Topic36,21,BO1,CAT1,CHECKUP1,RESP064,"(37.645970271000465, -84.77497104799966)"
2014,KY,Kentucky,Health Care Access/Coverage,About how long has it been since you last visited a doctor for a routine checkup?,Last Checkup,Within the past 5 years,Overall,Overall,584,8.2,7.3,9.2,369,%,Crude Prevalence,,,BRFSS,CLASS07,Topic36,21,BO1,CAT1,CHECKUP1,RESP065,"(37.645970271000465, -84.77497104799966)"
2014,KY,Kentucky,Health Care Access/Coverage,About how long has it been since you last visited a doctor for a routine checkup?,Last Checkup,5 or more years ago,Overall,Overall,673,8.8,7.8,9.8,370,%,Crude Prevalence,,,BRFSS,CLASS07,Topic36,21,BO1,CAT1,CHECKUP1,RESP066,"(37.645970271000465, -84.77497104799966)"
2014,KY,Kentucky,Health Care Access/Coverage,About how long has it been since you last visited a doctor for a routine checkup?,Last Checkup,Never,Overall,Overall,93,1.4,0.9,1.8,371,%,Crude Prevalence,,,BRFSS,CLASS07,Topic36,21,BO1,CAT1,CHECKUP1,RESP067,"(37.645970271000465, -84.77497104799966)"
2014,LA,Louisiana,Health Care Access/Coverage,About how long has it been since you last visited a doctor for a routine checkup?,Last Checkup,Within the past year,Overall,Overall,"5,356",75.5,74.2,76.9,367,%,Crude Prevalence,,,BRFSS,CLASS07,Topic36,22,BO1,CAT1,CHECKUP1,RESP063,"(31.31266064400046, -92.44568007099969)"
2014,LA,Louisiana,Health Care Access/Coverage,About how long has it been since you last visited a doctor for a routine checkup?,Last Checkup,Within the past 2 years,Overall,Overall,639,11.2,10.2,12.2,368,%,Crude Prevalence,,,BRFSS,CLASS07,Topic36,22,BO1,CAT1,CHECKUP1,RESP064,"(31.31266064400046, -92.44568007099969)"
2014,LA,Louisiana,Health Care Access/Coverage,About how long has it been since you last visited a doctor for a routine checkup?,Last Checkup,Within the past 5 years,Overall,Overall,307,6.2,5.4,7,369,%,Crude Prevalence,,,BRFSS,CLASS07,Topic36,22,BO1,CAT1,CHECKUP1,RESP065,"(31.31266064400046, -92.44568007099969)"
2014,LA,Louisiana,Health Care Access/Coverage,About how long has it been since you last visited a doctor for a routine checkup?,Last Checkup,5 or more years ago,Overall,Overall,340,6.4,5.6,7.1,370,%,Crude Prevalence,,,BRFSS,CLASS07,Topic36,22,BO1,CAT1,CHECKUP1,RESP066,"(31.31266064400046, -92.44568007099969)"
2014,LA,Louisiana,Health Care Access/Coverage,About how long has it been since you last visited a doctor for a routine checkup?,Last Checkup,Never,Overall,Overall,42,0.7,0.5,1,371,%,Crude Prevalence,,,BRFSS,CLASS07,Topic36,22,BO1,CAT1,CHECKUP1,RESP067,"(31.31266064400046, -92.44568007099969)"
2014,ME,Maine,Health Care Access/Coverage,About how long has it been since you last visited a doctor for a routine checkup?,Last Checkup,Within the past year,Overall,Overall,"6,959",71.8,70.4,73.1,367,%,Crude Prevalence,,,BRFSS,CLASS07,Topic36,23,BO1,CAT1,CHECKUP1,RESP063,"(45.254228894000505, -68.98503133599962)"
2014,ME,Maine,Health Care Access/Coverage,About how long has it been since you last visited a doctor for a routine checkup?,Last Checkup,Within the past 2 years,Overall,Overall,"1,029",12.8,11.8,13.8,368,%,Crude Prevalence,,,BRFSS,CLASS07,Topic36,23,BO1,CAT1,CHECKUP1,RESP064,"(45.254228894000505, -68.98503133599962)"
2014,ME,Maine,Health Care Access/Coverage,About how long has it been since you last visited a doctor for a routine checkup?,Last Checkup,Within the past 5 years,Overall,Overall,545,8.1,7.3,9,369,%,Crude Prevalence,,,BRFSS,CLASS07,Topic36,23,BO1,CAT1,CHECKUP1,RESP065,"(45.254228894000505, -68.98503133599962)"
2014,ME,Maine,Health Care Access/Coverage,About how long has it been since you last visited a doctor for a routine checkup?,Last Checkup,5 or more years ago,Overall,Overall,538,7.1,6.3,7.9,370,%,Crude Prevalence,,,BRFSS,CLASS07,Topic36,23,BO1,CAT1,CHECKUP1,RESP066,"(45.254228894000505, -68.98503133599962)"
2014,ME,Maine,Health Care Access/Coverage,About how long has it been since you last visited a doctor for a routine checkup?,Last Checkup,Never,Overall,Overall,19,0.2,0.1,0.3,371,%,Crude Prevalence,,,BRFSS,CLASS07,Topic36,23,BO1,CAT1,CHECKUP1,RESP067,"(45.254228894000505, -68.98503133599962)"
2014,MD,Maryland,Health Care Access/Coverage,About how long has it been since you last visited a doctor for a routine checkup?,Last Checkup,Within the past year,Overall,Overall,"9,891",74.7,73.2,76.2,367,%,Crude Prevalence,,,BRFSS,CLASS07,Topic36,24,BO1,CAT1,CHECKUP1,RESP063,"(39.29058096400047, -76.60926011099963)"
2014,MD,Maryland,Health Care Access/Coverage,About how long has it been since you last visited a doctor for a routine checkup?,Last Checkup,Within the past 2 years,Overall,Overall,"1,688",14.9,13.7,16.1,368,%,Crude Prevalence,,,BRFSS,CLASS07,Topic36,24,BO1,CAT1,CHECKUP1,RESP064,"(39.29058096400047, -76.60926011099963)"
2014,MD,Maryland,Health Care Access/Coverage,About how long has it been since you last visited a doctor for a routine checkup?,Last Checkup,Within the past 5 years,Overall,Overall,493,5.6,4.7,6.5,369,%,Crude Prevalence,,,BRFSS,CLASS07,Topic36,24,BO1,CAT1,CHECKUP1,RESP065,"(39.29058096400047, -76.60926011099963)"
2014,MD,Maryland,Health Care Access/Coverage,About how long has it been since you last visited a doctor for a routine checkup?,Last Checkup,5 or more years ago,Overall,Overall,317,3.5,2.8,4.1,370,%,Crude Prevalence,,,BRFSS,CLASS07,Topic36,24,BO1,CAT1,CHECKUP1,RESP066,"(39.29058096400047, -76.60926011099963)"
2014,MD,Maryland,Health Care Access/Coverage,About how long has it been since you last visited a doctor for a routine checkup?,Last Checkup,Never,Overall,Overall,77,1.4,0.8,1.9,371,%,Crude Prevalence,,,BRFSS,CLASS07,Topic36,24,BO1,CAT1,CHECKUP1,RESP067,"(39.29058096400047, -76.60926011099963)"
2014,MA,Massachusetts,Health Care Access/Coverage,About how long has it been since you last visited a doctor for a routine checkup?,Last Checkup,Within the past year,Overall,Overall,"12,925",78.5,77.4,79.5,367,%,Crude Prevalence,,,BRFSS,CLASS07,Topic36,25,BO1,CAT1,CHECKUP1,RESP063,"(42.27687047000046, -72.08269067499964)"
2014,MA,Massachusetts,Health Care Access/Coverage,About how long has it been since you last visited a doctor for a routine checkup?,Last Checkup,Within the past 2 years,Overall,Overall,"1,525",12.2,11.4,13.1,368,%,Crude Prevalence,,,BRFSS,CLASS07,Topic36,25,BO1,CAT1,CHECKUP1,RESP064,"(42.27687047000046, -72.08269067499964)"
2014,MA,Massachusetts,Health Care Access/Coverage,About how long has it been since you last visited a doctor for a routine checkup?,Last Checkup,Within the past 5 years,Overall,Overall,638,6,5.3,6.6,369,%,Crude Prevalence,,,BRFSS,CLASS07,Topic36,25,BO1,CAT1,CHECKUP1,RESP065,"(42.27687047000046, -72.08269067499964)"
2014,MA,Massachusetts,Health Care Access/Coverage,About how long has it been since you last visited a doctor for a routine checkup?,Last Checkup,5 or more years ago,Overall,Overall,337,3,2.5,3.5,370,%,Crude Prevalence,,,BRFSS,CLASS07,Topic36,25,BO1,CAT1,CHECKUP1,RESP066,"(42.27687047000046, -72.08269067499964)"
2014,MA,Massachusetts,Health Care Access/Coverage,About how long has it been since you last visited a doctor for a routine checkup?,Last Checkup,Never,Overall,Overall,32,0.4,0.2,0.6,371,%,Crude Prevalence,,,BRFSS,CLASS07,Topic36,25,BO1,CAT1,CHECKUP1,RESP067,"(42.27687047000046, -72.08269067499964)"
2014,MI,Michigan,Health Care Access/Coverage,About how long has it been since you last visited a doctor for a routine checkup?,Last Checkup,Within the past year,Overall,Overall,"6,413",71.8,70.5,73,367,%,Crude Prevalence,,,BRFSS,CLASS07,Topic36,26,BO1,CAT1,CHECKUP1,RESP063,"(44.6613195430005, -84.71439026999968)"
2014,MI,Michigan,Health Care Access/Coverage,About how long has it been since you last visited a doctor for a routine checkup?,Last Checkup,Within the past 2 years,Overall,Overall,997,13.5,12.5,14.4,368,%,Crude Prevalence,,,BRFSS,CLASS07,Topic36,26,BO1,CAT1,CHECKUP1,RESP064,"(44.6613195430005, -84.71439026999968)"
2014,MI,Michigan,Health Care Access/Coverage,About how long has it been since you last visited a doctor for a routine checkup?,Last Checkup,Within the past 5 years,Overall,Overall,509,7.9,7.1,8.7,369,%,Crude Prevalence,,,BRFSS,CLASS07,Topic36,26,BO1,CAT1,CHECKUP1,RESP065,"(44.6613195430005, -84.71439026999968)"
2014,MI,Michigan,Health Care Access/Coverage,About how long has it been since you last visited a doctor for a routine checkup?,Last Checkup,5 or more years ago,Overall,Overall,391,6.1,5.4,6.8,370,%,Crude Prevalence,,,BRFSS,CLASS07,Topic36,26,BO1,CAT1,CHECKUP1,RESP066,"(44.6613195430005, -84.71439026999968)"
2014,MI,Michigan,Health Care Access/Coverage,About how long has it been since you last visited a doctor for a routine checkup?,Last Checkup,Never,Overall,Overall,60,0.8,0.5,1.1,371,%,Crude Prevalence,,,BRFSS,CLASS07,Topic36,26,BO1,CAT1,CHECKUP1,RESP067,"(44.6613195430005, -84.71439026999968)"
2014,MN,Minnesota,Health Care Access/Coverage,About how long has it been since you last visited a doctor for a routine checkup?,Last Checkup,Within the past year,Overall,Overall,"11,838",69.8,68.9,70.7,367,%,Crude Prevalence,,,BRFSS,CLASS07,Topic36,27,BO1,CAT1,CHECKUP1,RESP063,"(46.35564873600049, -94.79420050299967)"
2014,MN,Minnesota,Health Care Access/Coverage,About how long has it been since you last visited a doctor for a routine checkup?,Last Checkup,Within the past 2 years,Overall,Overall,"2,169",14.7,14,15.4,368,%,Crude Prevalence,,,BRFSS,CLASS07,Topic36,27,BO1,CAT1,CHECKUP1,RESP064,"(46.35564873600049, -94.79420050299967)"
2014,MN,Minnesota,Health Care Access/Coverage,About how long has it been since you last visited a doctor for a routine checkup?,Last Checkup,Within the past 5 years,Overall,Overall,"1,151",8.1,7.5,8.6,369,%,Crude Prevalence,,,BRFSS,CLASS07,Topic36,27,BO1,CAT1,CHECKUP1,RESP065,"(46.35564873600049, -94.79420050299967)"
2014,MN,Minnesota,Health Care Access/Coverage,About how long has it been since you last visited a doctor for a routine checkup?,Last Checkup,5 or more years ago,Overall,Overall,953,6.6,6.2,7.1,370,%,Crude Prevalence,,,BRFSS,CLASS07,Topic36,27,BO1,CAT1,CHECKUP1,RESP066,"(46.35564873600049, -94.79420050299967)"
2014,MN,Minnesota,Health Care Access/Coverage,About how long has it been since you last visited a doctor for a routine checkup?,Last Checkup,Never,Overall,Overall,109,0.8,0.6,1,371,%,Crude Prevalence,,,BRFSS,CLASS07,Topic36,27,BO1,CAT1,CHECKUP1,RESP067,"(46.35564873600049, -94.79420050299967)"
2014,MS,Mississippi,Health Care Access/Coverage,About how long has it been since you last visited a doctor for a routine checkup?,Last Checkup,Within the past year,Overall,Overall,"3,304",72.6,70.6,74.6,366,%,Crude Prevalence,,,BRFSS,CLASS07,Topic36,28,BO1,CAT1,CHECKUP1,RESP063,"(32.745510099000455, -89.53803082499968)"
2014,MS,Mississippi,Health Care Access/Coverage,About how long has it been since you last visited a doctor for a routine checkup?,Last Checkup,Within the past 2 years,Overall,Overall,333,10.3,8.9,11.7,367,%,Crude Prevalence,,,BRFSS,CLASS07,Topic36,28,BO1,CAT1,CHECKUP1,RESP064,"(32.745510099000455, -89.53803082499968)"
2014,MS,Mississippi,Health Care Access/Coverage,About how long has it been since you last visited a doctor for a routine checkup?,Last Checkup,Within the past 5 years,Overall,Overall,196,7,5.8,8.3,368,%,Crude Prevalence,,,BRFSS,CLASS07,Topic36,28,BO1,CAT1,CHECKUP1,RESP065,"(32.745510099000455, -89.53803082499968)"
2014,MS,Mississippi,Health Care Access/Coverage,About how long has it been since you last visited a doctor for a routine checkup?,Last Checkup,5 or more years ago,Overall,Overall,265,9.1,7.7,10.5,369,%,Crude Prevalence,,,BRFSS,CLASS07,Topic36,28,BO1,CAT1,CHECKUP1,RESP066,"(32.745510099000455, -89.53803082499968)"
2014,MS,Mississippi,Health Care Access/Coverage,About how long has it been since you last visited a doctor for a routine checkup?,Last Checkup,Never,Overall,Overall,33,1,0.6,1.4,370,%,Crude Prevalence,,,BRFSS,CLASS07,Topic36,28,BO1,CAT1,CHECKUP1,RESP067,"(32.745510099000455, -89.53803082499968)"
2014,MO,Missouri,Health Care Access/Coverage,About how long has it been since you last visited a doctor for a routine checkup?,Last Checkup,Within the past year,Overall,Overall,"5,202",67,65.3,68.7,367,%,Crude Prevalence,,,BRFSS,CLASS07,Topic36,29,BO1,CAT1,CHECKUP1,RESP063,"(38.635790776000476, -92.56630005299968)"
2014,MO,Missouri,Health Care Access/Coverage,About how long has it been since you last visited a doctor for a routine checkup?,Last Checkup,Within the past 2 years,Overall,Overall,681,11.7,10.5,12.9,368,%,Crude Prevalence,,,BRFSS,CLASS07,Topic36,29,BO1,CAT1,CHECKUP1,RESP064,"(38.635790776000476, -92.56630005299968)"
2014,MO,Missouri,Health Care Access/Coverage,About how long has it been since you last visited a doctor for a routine checkup?,Last Checkup,Within the past 5 years,Overall,Overall,472,9.9,8.7,11.1,369,%,Crude Prevalence,,,BRFSS,CLASS07,Topic36,29,BO1,CAT1,CHECKUP1,RESP065,"(38.635790776000476, -92.56630005299968)"
2014,MO,Missouri,Health Care Access/Coverage,About how long has it been since you last visited a doctor for a routine checkup?,Last Checkup,5 or more years ago,Overall,Overall,506,9.5,8.4,10.5,370,%,Crude Prevalence,,,BRFSS,CLASS07,Topic36,29,BO1,CAT1,CHECKUP1,RESP066,"(38.635790776000476, -92.56630005299968)"
2014,MO,Missouri,Health Care Access/Coverage,About how long has it been since you last visited a doctor for a routine checkup?,Last Checkup,Never,Overall,Overall,91,1.9,1.4,2.5,371,%,Crude Prevalence,,,BRFSS,CLASS07,Topic36,29,BO1,CAT1,CHECKUP1,RESP067,"(38.635790776000476, -92.56630005299968)"
2014,MT,Montana,Health Care Access/Coverage,About how long has it been since you last visited a doctor for a routine checkup?,Last Checkup,Within the past year,Overall,Overall,"5,116",63.6,62,65.3,366,%,Crude Prevalence,,,BRFSS,CLASS07,Topic36,30,BO1,CAT1,CHECKUP1,RESP063,"(47.06652897200047, -109.42442064499971)"
2014,MT,Montana,Health Care Access/Coverage,About how long has it been since you last visited a doctor for a routine checkup?,Last Checkup,Within the past 2 years,Overall,Overall,971,14.6,13.4,15.9,367,%,Crude Prevalence,,,BRFSS,CLASS07,Topic36,30,BO1,CAT1,CHECKUP1,RESP064,"(47.06652897200047, -109.42442064499971)"
2014,MT,Montana,Health Care Access/Coverage,About how long has it been since you last visited a doctor for a routine checkup?,Last Checkup,Within the past 5 years,Overall,Overall,566,9.7,8.7,10.8,368,%,Crude Prevalence,,,BRFSS,CLASS07,Topic36,30,BO1,CAT1,CHECKUP1,RESP065,"(47.06652897200047, -109.42442064499971)"
2014,MT,Montana,Health Care Access/Coverage,About how long has it been since you last visited a doctor for a routine checkup?,Last Checkup,5 or more years ago,Overall,Overall,654,10.8,9.7,11.9,369,%,Crude Prevalence,,,BRFSS,CLASS07,Topic36,30,BO1,CAT1,CHECKUP1,RESP066,"(47.06652897200047, -109.42442064499971)"
2014,MT,Montana,Health Care Access/Coverage,About how long has it been since you last visited a doctor for a routine checkup?,Last Checkup,Never,Overall,Overall,75,1.2,0.8,1.6,370,%,Crude Prevalence,,,BRFSS,CLASS07,Topic36,30,BO1,CAT1,CHECKUP1,RESP067,"(47.06652897200047, -109.42442064499971)"
2014,NE,Nebraska,Health Care Access/Coverage,About how long has it been since you last visited a doctor for a routine checkup?,Last Checkup,Within the past year,Overall,Overall,"14,955",63.3,62.3,64.4,367,%,Crude Prevalence,,,BRFSS,CLASS07,Topic36,31,BO1,CAT1,CHECKUP1,RESP063,"(41.6410409880005, -99.36572062299967)"
2014,NE,Nebraska,Health Care Access/Coverage,About how long has it been since you last visited a doctor for a routine checkup?,Last Checkup,Within the past 2 years,Overall,Overall,"3,048",15.5,14.7,16.3,368,%,Crude Prevalence,,,BRFSS,CLASS07,Topic36,31,BO1,CAT1,CHECKUP1,RESP064,"(41.6410409880005, -99.36572062299967)"
2014,NE,Nebraska,Health Care Access/Coverage,About how long has it been since you last visited a doctor for a routine checkup?,Last Checkup,Within the past 5 years,Overall,Overall,"2,042",10.9,10.1,11.6,369,%,Crude Prevalence,,,BRFSS,CLASS07,Topic36,31,BO1,CAT1,CHECKUP1,RESP065,"(41.6410409880005, -99.36572062299967)"
2014,NE,Nebraska,Health Care Access/Coverage,About how long has it been since you last visited a doctor for a routine checkup?,Last Checkup,5 or more years ago,Overall,Overall,"1,782",8.8,8.2,9.4,370,%,Crude Prevalence,,,BRFSS,CLASS07,Topic36,31,BO1,CAT1,CHECKUP1,RESP066,"(41.6410409880005, -99.36572062299967)"
2014,NE,Nebraska,Health Care Access/Coverage,About how long has it been since you last visited a doctor for a routine checkup?,Last Checkup,Never,Overall,Overall,263,1.5,1.2,1.8,371,%,Crude Prevalence,,,BRFSS,CLASS07,Topic36,31,BO1,CAT1,CHECKUP1,RESP067,"(41.6410409880005, -99.36572062299967)"
2014,NV,Nevada,Health Care Access/Coverage,About how long has it been since you last visited a doctor for a routine checkup?,Last Checkup,Within the past year,Overall,Overall,"2,546",63.8,61.3,66.3,366,%,Crude Prevalence,,,BRFSS,CLASS07,Topic36,32,BO1,CAT1,CHECKUP1,RESP063,"(39.493240390000494, -117.07184056399967)"
2014,NV,Nevada,Health Care Access/Coverage,About how long has it been since you last visited a doctor for a routine checkup?,Last Checkup,Within the past 2 years,Overall,Overall,499,14.6,12.7,16.4,367,%,Crude Prevalence,,,BRFSS,CLASS07,Topic36,32,BO1,CAT1,CHECKUP1,RESP064,"(39.493240390000494, -117.07184056399967)"
2014,NV,Nevada,Health Care Access/Coverage,About how long has it been since you last visited a doctor for a routine checkup?,Last Checkup,Within the past 5 years,Overall,Overall,316,10.6,8.8,12.3,368,%,Crude Prevalence,,,BRFSS,CLASS07,Topic36,32,BO1,CAT1,CHECKUP1,RESP065,"(39.493240390000494, -117.07184056399967)"
2014,NV,Nevada,Health Care Access/Coverage,About how long has it been since you last visited a doctor for a routine checkup?,Last Checkup,5 or more years ago,Overall,Overall,296,9.3,7.7,10.8,369,%,Crude Prevalence,,,BRFSS,CLASS07,Topic36,32,BO1,CAT1,CHECKUP1,RESP066,"(39.493240390000494, -117.07184056399967)"
2014,NV,Nevada,Health Care Access/Coverage,About how long has it been since you last visited a doctor for a routine checkup?,Last Checkup,Never,Overall,Overall,43,1.8,1,2.6,370,%,Crude Prevalence,,,BRFSS,CLASS07,Topic36,32,BO1,CAT1,CHECKUP1,RESP067,"(39.493240390000494, -117.07184056399967)"
2014,NH,New Hampshire,Health Care Access/Coverage,About how long has it been since you last visited a doctor for a routine checkup?,Last Checkup,Within the past year,Overall,Overall,"4,631",69.3,67.6,71.1,367,%,Crude Prevalence,,,BRFSS,CLASS07,Topic36,33,BO1,CAT1,CHECKUP1,RESP063,"(43.65595011300047, -71.50036091999965)"
2014,NH,New Hampshire,Health Care Access/Coverage,About how long has it been since you last visited a doctor for a routine checkup?,Last Checkup,Within the past 2 years,Overall,Overall,789,16,14.5,17.4,368,%,Crude Prevalence,,,BRFSS,CLASS07,Topic36,33,BO1,CAT1,CHECKUP1,RESP064,"(43.65595011300047, -71.50036091999965)"
2014,NH,New Hampshire,Health Care Access/Coverage,About how long has it been since you last visited a doctor for a routine checkup?,Last Checkup,Within the past 5 years,Overall,Overall,379,8,6.9,9.1,369,%,Crude Prevalence,,,BRFSS,CLASS07,Topic36,33,BO1,CAT1,CHECKUP1,RESP065,"(43.65595011300047, -71.50036091999965)"
2014,NH,New Hampshire,Health Care Access/Coverage,About how long has it been since you last visited a doctor for a routine checkup?,Last Checkup,5 or more years ago,Overall,Overall,298,6.4,5.4,7.5,370,%,Crude Prevalence,,,BRFSS,CLASS07,Topic36,33,BO1,CAT1,CHECKUP1,RESP066,"(43.65595011300047, -71.50036091999965)"
2014,NH,New Hampshire,Health Care Access/Coverage,About how long has it been since you last visited a doctor for a routine checkup?,Last Checkup,Never,Overall,Overall,17,,,,371,%,Crude Prevalence,*,Prevalence estimate not available if the unweighted sample size for the denominator was < 50 or the Relative Standard Error (RSE) is > 0.3 or if the state did not collect data for that calendar year.,BRFSS,CLASS07,Topic36,33,BO1,CAT1,CHECKUP1,RESP067,"(43.65595011300047, -71.50036091999965)"
2014,NJ,New Jersey,Health Care Access/Coverage,About how long has it been since you last visited a doctor for a routine checkup?,Last Checkup,Within the past year,Overall,Overall,"10,210",75.9,74.7,77.1,367,%,Crude Prevalence,,,BRFSS,CLASS07,Topic36,34,BO1,CAT1,CHECKUP1,RESP063,"(40.13057004800049, -74.27369128799967)"
2014,NJ,New Jersey,Health Care Access/Coverage,About how long has it been since you last visited a doctor for a routine checkup?,Last Checkup,Within the past 2 years,Overall,Overall,"1,383",12.7,11.8,13.7,368,%,Crude Prevalence,,,BRFSS,CLASS07,Topic36,34,BO1,CAT1,CHECKUP1,RESP064,"(40.13057004800049, -74.27369128799967)"
2014,NJ,New Jersey,Health Care Access/Coverage,About how long has it been since you last visited a doctor for a routine checkup?,Last Checkup,Within the past 5 years,Overall,Overall,637,5.8,5.1,6.4,369,%,Crude Prevalence,,,BRFSS,CLASS07,Topic36,34,BO1,CAT1,CHECKUP1,RESP065,"(40.13057004800049, -74.27369128799967)"
2014,NJ,New Jersey,Health Care Access/Coverage,About how long has it been since you last visited a doctor for a routine checkup?,Last Checkup,5 or more years ago,Overall,Overall,515,4.1,3.6,4.6,370,%,Crude Prevalence,,,BRFSS,CLASS07,Topic36,34,BO1,CAT1,CHECKUP1,RESP066,"(40.13057004800049, -74.27369128799967)"
2014,NJ,New Jersey,Health Care Access/Coverage,About how long has it been since you last visited a doctor for a routine checkup?,Last Checkup,Never,Overall,Overall,131,1.5,1.1,1.8,371,%,Crude Prevalence,,,BRFSS,CLASS07,Topic36,34,BO1,CAT1,CHECKUP1,RESP067,"(40.13057004800049, -74.27369128799967)"
2014,NM,New Mexico,Health Care Access/Coverage,About how long has it been since you last visited a doctor for a routine checkup?,Last Checkup,Within the past year,Overall,Overall,"5,903",62,60.3,63.6,367,%,Crude Prevalence,,,BRFSS,CLASS07,Topic36,35,BO1,CAT1,CHECKUP1,RESP063,"(34.52088095200048, -106.24058098499967)"
2014,NM,New Mexico,Health Care Access/Coverage,About how long has it been since you last visited a doctor for a routine checkup?,Last Checkup,Within the past 2 years,Overall,Overall,"1,194",15.5,14.2,16.8,368,%,Crude Prevalence,,,BRFSS,CLASS07,Topic36,35,BO1,CAT1,CHECKUP1,RESP064,"(34.52088095200048, -106.24058098499967)"
2014,NM,New Mexico,Health Care Access/Coverage,About how long has it been since you last visited a doctor for a routine checkup?,Last Checkup,Within the past 5 years,Overall,Overall,743,10,8.9,11.1,369,%,Crude Prevalence,,,BRFSS,CLASS07,Topic36,35,BO1,CAT1,CHECKUP1,RESP065,"(34.52088095200048, -106.24058098499967)"
2014,NM,New Mexico,Health Care Access/Coverage,About how long has it been since you last visited a doctor for a routine checkup?,Last Checkup,5 or more years ago,Overall,Overall,785,10.2,9.2,11.2,370,%,Crude Prevalence,,,BRFSS,CLASS07,Topic36,35,BO1,CAT1,CHECKUP1,RESP066,"(34.52088095200048, -106.24058098499967)"
2014,NM,New Mexico,Health Care Access/Coverage,About how long has it been since you last visited a doctor for a routine checkup?,Last Checkup,Never,Overall,Overall,160,2.4,1.8,2.9,371,%,Crude Prevalence,,,BRFSS,CLASS07,Topic36,35,BO1,CAT1,CHECKUP1,RESP067,"(34.52088095200048, -106.24058098499967)"
2014,NY,New York,Health Care Access/Coverage,About how long has it been since you last visited a doctor for a routine checkup?,Last Checkup,Within the past year,Overall,Overall,"5,313",74.9,73.5,76.3,367,%,Crude Prevalence,,,BRFSS,CLASS07,Topic36,36,BO1,CAT1,CHECKUP1,RESP063,"(42.82700103200045, -75.54397042699964)"
2014,NY,New York,Health Care Access/Coverage,About how long has it been since you last visited a doctor for a routine checkup?,Last Checkup,Within the past 2 years,Overall,Overall,746,12.3,11.3,13.4,368,%,Crude Prevalence,,,BRFSS,CLASS07,Topic36,36,BO1,CAT1,CHECKUP1,RESP064,"(42.82700103200045, -75.54397042699964)"
2014,NY,New York,Health Care Access/Coverage,About how long has it been since you last visited a doctor for a routine checkup?,Last Checkup,Within the past 5 years,Overall,Overall,417,7.4,6.6,8.3,369,%,Crude Prevalence,,,BRFSS,CLASS07,Topic36,36,BO1,CAT1,CHECKUP1,RESP065,"(42.82700103200045, -75.54397042699964)"
2014,NY,New York,Health Care Access/Coverage,About how long has it been since you last visited a doctor for a routine checkup?,Last Checkup,5 or more years ago,Overall,Overall,296,4.8,4.1,5.4,370,%,Crude Prevalence,,,BRFSS,CLASS07,Topic36,36,BO1,CAT1,CHECKUP1,RESP066,"(42.82700103200045, -75.54397042699964)"
2014,NY,New York,Health Care Access/Coverage,About how long has it been since you last visited a doctor for a routine checkup?,Last Checkup,Never,Overall,Overall,29,0.6,0.4,0.9,371,%,Crude Prevalence,,,BRFSS,CLASS07,Topic36,36,BO1,CAT1,CHECKUP1,RESP067,"(42.82700103200045, -75.54397042699964)"
2014,NC,North Carolina,Health Care Access/Coverage,About how long has it been since you last visited a doctor for a routine checkup?,Last Checkup,Within the past year,Overall,Overall,"5,705",75.6,74.4,76.9,367,%,Crude Prevalence,,,BRFSS,CLASS07,Topic36,37,BO1,CAT1,CHECKUP1,RESP063,"(35.466220975000454, -79.15925046299964)"
2014,NC,North Carolina,Health Care Access/Coverage,About how long has it been since you last visited a doctor for a routine checkup?,Last Checkup,Within the past 2 years,Overall,Overall,665,10.7,9.8,11.6,368,%,Crude Prevalence,,,BRFSS,CLASS07,Topic36,37,BO1,CAT1,CHECKUP1,RESP064,"(35.466220975000454, -79.15925046299964)"
2014,NC,North Carolina,Health Care Access/Coverage,About how long has it been since you last visited a doctor for a routine checkup?,Last Checkup,Within the past 5 years,Overall,Overall,419,6.9,6.2,7.7,369,%,Crude Prevalence,,,BRFSS,CLASS07,Topic36,37,BO1,CAT1,CHECKUP1,RESP065,"(35.466220975000454, -79.15925046299964)"
2014,NC,North Carolina,Health Care Access/Coverage,About how long has it been since you last visited a doctor for a routine checkup?,Last Checkup,5 or more years ago,Overall,Overall,349,5.8,5.1,6.5,370,%,Crude Prevalence,,,BRFSS,CLASS07,Topic36,37,BO1,CAT1,CHECKUP1,RESP066,"(35.466220975000454, -79.15925046299964)"
2014,NC,North Carolina,Health Care Access/Coverage,About how long has it been since you last visited a doctor for a routine checkup?,Last Checkup,Never,Overall,Overall,54,0.9,0.6,1.2,371,%,Crude Prevalence,,,BRFSS,CLASS07,Topic36,37,BO1,CAT1,CHECKUP1,RESP067,"(35.466220975000454, -79.15925046299964)"
2014,ND,North Dakota,Health Care Access/Coverage,About how long has it been since you last visited a doctor for a routine checkup?,Last Checkup,Within the past year,Overall,Overall,"5,460",64.3,62.5,66.1,366,%,Crude Prevalence,,,BRFSS,CLASS07,Topic36,38,BO1,CAT1,CHECKUP1,RESP063,"(47.47531977900047, -100.11842104899966)"
2014,ND,North Dakota,Health Care Access/Coverage,About how long has it been since you last visited a doctor for a routine checkup?,Last Checkup,Within the past 2 years,Overall,Overall,935,13.5,12.2,14.8,367,%,Crude Prevalence,,,BRFSS,CLASS07,Topic36,38,BO1,CAT1,CHECKUP1,RESP064,"(47.47531977900047, -100.11842104899966)"
2014,ND,North Dakota,Health Care Access/Coverage,About how long has it been since you last visited a doctor for a routine checkup?,Last Checkup,Within the past 5 years,Overall,Overall,644,10.4,9.3,11.6,368,%,Crude Prevalence,,,BRFSS,CLASS07,Topic36,38,BO1,CAT1,CHECKUP1,RESP065,"(47.47531977900047, -100.11842104899966)"
2014,ND,North Dakota,Health Care Access/Coverage,About how long has it been since you last visited a doctor for a routine checkup?,Last Checkup,5 or more years ago,Overall,Overall,630,10.9,9.7,12.2,369,%,Crude Prevalence,,,BRFSS,CLASS07,Topic36,38,BO1,CAT1,CHECKUP1,RESP066,"(47.47531977900047, -100.11842104899966)"
2014,ND,North Dakota,Health Care Access/Coverage,About how long has it been since you last visited a doctor for a routine checkup?,Last Checkup,Never,Overall,Overall,51,0.9,0.5,1.3,370,%,Crude Prevalence,,,BRFSS,CLASS07,Topic36,38,BO1,CAT1,CHECKUP1,RESP067,"(47.47531977900047, -100.11842104899966)"
2014,OH,Ohio,Health Care Access/Coverage,About how long has it been since you last visited a doctor for a routine checkup?,Last Checkup,Within the past year,Overall,Overall,"8,349",70.7,69.3,72.2,367,%,Crude Prevalence,,,BRFSS,CLASS07,Topic36,39,BO1,CAT1,CHECKUP1,RESP063,"(40.06021014100048, -82.40426005599966)"
2014,OH,Ohio,Health Care Access/Coverage,About how long has it been since you last visited a doctor for a routine checkup?,Last Checkup,Within the past 2 years,Overall,Overall,"1,052",12.5,11.5,13.6,368,%,Crude Prevalence,,,BRFSS,CLASS07,Topic36,39,BO1,CAT1,CHECKUP1,RESP064,"(40.06021014100048, -82.40426005599966)"
2014,OH,Ohio,Health Care Access/Coverage,About how long has it been since you last visited a doctor for a routine checkup?,Last Checkup,Within the past 5 years,Overall,Overall,593,7.3,6.4,8.1,369,%,Crude Prevalence,,,BRFSS,CLASS07,Topic36,39,BO1,CAT1,CHECKUP1,RESP065,"(40.06021014100048, -82.40426005599966)"
2014,OH,Ohio,Health Care Access/Coverage,About how long has it been since you last visited a doctor for a routine checkup?,Last Checkup,5 or more years ago,Overall,Overall,697,8.4,7.5,9.3,370,%,Crude Prevalence,,,BRFSS,CLASS07,Topic36,39,BO1,CAT1,CHECKUP1,RESP066,"(40.06021014100048, -82.40426005599966)"
2014,OH,Ohio,Health Care Access/Coverage,About how long has it been since you last visited a doctor for a routine checkup?,Last Checkup,Never,Overall,Overall,86,1,0.7,1.4,371,%,Crude Prevalence,,,BRFSS,CLASS07,Topic36,39,BO1,CAT1,CHECKUP1,RESP067,"(40.06021014100048, -82.40426005599966)"
2014,OK,Oklahoma,Health Care Access/Coverage,About how long has it been since you last visited a doctor for a routine checkup?,Last Checkup,Within the past year,Overall,Overall,"5,828",63.8,62.4,65.2,367,%,Crude Prevalence,,,BRFSS,CLASS07,Topic36,40,BO1,CAT1,CHECKUP1,RESP063,"(35.47203135600046, -97.52107021399968)"
2014,OK,Oklahoma,Health Care Access/Coverage,About how long has it been since you last visited a doctor for a routine checkup?,Last Checkup,Within the past 2 years,Overall,Overall,959,13.6,12.6,14.6,368,%,Crude Prevalence,,,BRFSS,CLASS07,Topic36,40,BO1,CAT1,CHECKUP1,RESP064,"(35.47203135600046, -97.52107021399968)"
2014,OK,Oklahoma,Health Care Access/Coverage,About how long has it been since you last visited a doctor for a routine checkup?,Last Checkup,Within the past 5 years,Overall,Overall,620,9.4,8.5,10.3,369,%,Crude Prevalence,,,BRFSS,CLASS07,Topic36,40,BO1,CAT1,CHECKUP1,RESP065,"(35.47203135600046, -97.52107021399968)"
2014,OK,Oklahoma,Health Care Access/Coverage,About how long has it been since you last visited a doctor for a routine checkup?,Last Checkup,5 or more years ago,Overall,Overall,758,10.9,10,11.9,370,%,Crude Prevalence,,,BRFSS,CLASS07,Topic36,40,BO1,CAT1,CHECKUP1,RESP066,"(35.47203135600046, -97.52107021399968)"
2014,OK,Oklahoma,Health Care Access/Coverage,About how long has it been since you last visited a doctor for a routine checkup?,Last Checkup,Never,Overall,Overall,138,2.3,1.8,2.8,371,%,Crude Prevalence,,,BRFSS,CLASS07,Topic36,40,BO1,CAT1,CHECKUP1,RESP067,"(35.47203135600046, -97.52107021399968)"
2014,OR,Oregon,Health Care Access/Coverage,About how long has it been since you last visited a doctor for a routine checkup?,Last Checkup,Within the past year,Overall,Overall,"3,475",62.5,60.6,64.3,367,%,Crude Prevalence,,,BRFSS,CLASS07,Topic36,41,BO1,CAT1,CHECKUP1,RESP063,"(44.56744942400047, -120.15503132599969)"
2014,OR,Oregon,Health Care Access/Coverage,About how long has it been since you last visited a doctor for a routine checkup?,Last Checkup,Within the past 2 years,Overall,Overall,698,15.8,14.4,17.2,368,%,Crude Prevalence,,,BRFSS,CLASS07,Topic36,41,BO1,CAT1,CHECKUP1,RESP064,"(44.56744942400047, -120.15503132599969)"
2014,OR,Oregon,Health Care Access/Coverage,About how long has it been since you last visited a doctor for a routine checkup?,Last Checkup,Within the past 5 years,Overall,Overall,437,10.3,9.1,11.4,369,%,Crude Prevalence,,,BRFSS,CLASS07,Topic36,41,BO1,CAT1,CHECKUP1,RESP065,"(44.56744942400047, -120.15503132599969)"
2014,OR,Oregon,Health Care Access/Coverage,About how long has it been since you last visited a doctor for a routine checkup?,Last Checkup,5 or more years ago,Overall,Overall,393,9.7,8.5,10.9,370,%,Crude Prevalence,,,BRFSS,CLASS07,Topic36,41,BO1,CAT1,CHECKUP1,RESP066,"(44.56744942400047, -120.15503132599969)"
2014,OR,Oregon,Health Care Access/Coverage,About how long has it been since you last visited a doctor for a routine checkup?,Last Checkup,Never,Overall,Overall,63,1.8,1.2,2.3,371,%,Crude Prevalence,,,BRFSS,CLASS07,Topic36,41,BO1,CAT1,CHECKUP1,RESP067,"(44.56744942400047, -120.15503132599969)"
2014,PA,Pennsylvania,Health Care Access/Coverage,About how long has it been since you last visited a doctor for a routine checkup?,Last Checkup,Within the past year,Overall,Overall,"8,478",72.6,71.3,73.8,367,%,Crude Prevalence,,,BRFSS,CLASS07,Topic36,42,BO1,CAT1,CHECKUP1,RESP063,"(40.79373015200048, -77.86070029399963)"
2014,PA,Pennsylvania,Health Care Access/Coverage,About how long has it been since you last visited a doctor for a routine checkup?,Last Checkup,Within the past 2 years,Overall,Overall,"1,127",12.6,11.6,13.5,368,%,Crude Prevalence,,,BRFSS,CLASS07,Topic36,42,BO1,CAT1,CHECKUP1,RESP064,"(40.79373015200048, -77.86070029399963)"
2014,PA,Pennsylvania,Health Care Access/Coverage,About how long has it been since you last visited a doctor for a routine checkup?,Last Checkup,Within the past 5 years,Overall,Overall,650,7.8,7,8.6,369,%,Crude Prevalence,,,BRFSS,CLASS07,Topic36,42,BO1,CAT1,CHECKUP1,RESP065,"(40.79373015200048, -77.86070029399963)"
2014,PA,Pennsylvania,Health Care Access/Coverage,About how long has it been since you last visited a doctor for a routine checkup?,Last Checkup,5 or more years ago,Overall,Overall,624,6.6,5.9,7.3,370,%,Crude Prevalence,,,BRFSS,CLASS07,Topic36,42,BO1,CAT1,CHECKUP1,RESP066,"(40.79373015200048, -77.86070029399963)"
2014,PA,Pennsylvania,Health Care Access/Coverage,About how long has it been since you last visited a doctor for a routine checkup?,Last Checkup,Never,Overall,Overall,25,0.5,0.2,0.7,371,%,Crude Prevalence,,,BRFSS,CLASS07,Topic36,42,BO1,CAT1,CHECKUP1,RESP067,"(40.79373015200048, -77.86070029399963)"
2014,RI,Rhode Island,Health Care Access/Coverage,About how long has it been since you last visited a doctor for a routine checkup?,Last Checkup,Within the past year,Overall,Overall,"5,480",80.3,78.7,81.8,366,%,Crude Prevalence,,,BRFSS,CLASS07,Topic36,44,BO1,CAT1,CHECKUP1,RESP063,"(41.70828019300046, -71.52247031399963)"
2014,RI,Rhode Island,Health Care Access/Coverage,About how long has it been since you last visited a doctor for a routine checkup?,Last Checkup,Within the past 2 years,Overall,Overall,526,10.2,9.1,11.4,367,%,Crude Prevalence,,,BRFSS,CLASS07,Topic36,44,BO1,CAT1,CHECKUP1,RESP064,"(41.70828019300046, -71.52247031399963)"
2014,RI,Rhode Island,Health Care Access/Coverage,About how long has it been since you last visited a doctor for a routine checkup?,Last Checkup,Within the past 5 years,Overall,Overall,231,5.6,4.7,6.6,368,%,Crude Prevalence,,,BRFSS,CLASS07,Topic36,44,BO1,CAT1,CHECKUP1,RESP065,"(41.70828019300046, -71.52247031399963)"
2014,RI,Rhode Island,Health Care Access/Coverage,About how long has it been since you last visited a doctor for a routine checkup?,Last Checkup,5 or more years ago,Overall,Overall,152,3.4,2.6,4.1,369,%,Crude Prevalence,,,BRFSS,CLASS07,Topic36,44,BO1,CAT1,CHECKUP1,RESP066,"(41.70828019300046, -71.52247031399963)"
2014,RI,Rhode Island,Health Care Access/Coverage,About how long has it been since you last visited a doctor for a routine checkup?,Last Checkup,Never,Overall,Overall,17,,,,370,%,Crude Prevalence,*,Prevalence estimate not available if the unweighted sample size for the denominator was < 50 or the Relative Standard Error (RSE) is > 0.3 or if the state did not collect data for that calendar year.,BRFSS,CLASS07,Topic36,44,BO1,CAT1,CHECKUP1,RESP067,"(41.70828019300046, -71.52247031399963)"
2014,SC,South Carolina,Health Care Access/Coverage,About how long has it been since you last visited a doctor for a routine checkup?,Last Checkup,Within the past year,Overall,Overall,"8,172",67.7,66.5,69,367,%,Crude Prevalence,,,BRFSS,CLASS07,Topic36,45,BO1,CAT1,CHECKUP1,RESP063,"(33.998821303000454, -81.04537120699968)"
2014,SC,South Carolina,Health Care Access/Coverage,About how long has it been since you last visited a doctor for a routine checkup?,Last Checkup,Within the past 2 years,Overall,Overall,"1,153",12.7,11.8,13.7,368,%,Crude Prevalence,,,BRFSS,CLASS07,Topic36,45,BO1,CAT1,CHECKUP1,RESP064,"(33.998821303000454, -81.04537120699968)"
2014,SC,South Carolina,Health Care Access/Coverage,About how long has it been since you last visited a doctor for a routine checkup?,Last Checkup,Within the past 5 years,Overall,Overall,707,8.4,7.7,9.2,369,%,Crude Prevalence,,,BRFSS,CLASS07,Topic36,45,BO1,CAT1,CHECKUP1,RESP065,"(33.998821303000454, -81.04537120699968)"
2014,SC,South Carolina,Health Care Access/Coverage,About how long has it been since you last visited a doctor for a routine checkup?,Last Checkup,5 or more years ago,Overall,Overall,757,9.7,8.8,10.5,370,%,Crude Prevalence,,,BRFSS,CLASS07,Topic36,45,BO1,CAT1,CHECKUP1,RESP066,"(33.998821303000454, -81.04537120699968)"
2014,SC,South Carolina,Health Care Access/Coverage,About how long has it been since you last visited a doctor for a routine checkup?,Last Checkup,Never,Overall,Overall,93,1.4,1.1,1.8,371,%,Crude Prevalence,,,BRFSS,CLASS07,Topic36,45,BO1,CAT1,CHECKUP1,RESP067,"(33.998821303000454, -81.04537120699968)"
2014,SD,South Dakota,Health Care Access/Coverage,About how long has it been since you last visited a doctor for a routine checkup?,Last Checkup,Within the past year,Overall,Overall,"5,424",69.6,67.6,71.6,367,%,Crude Prevalence,,,BRFSS,CLASS07,Topic36,46,BO1,CAT1,CHECKUP1,RESP063,"(44.353130053000484, -100.3735306369997)"
2014,SD,South Dakota,Health Care Access/Coverage,About how long has it been since you last visited a doctor for a routine checkup?,Last Checkup,Within the past 2 years,Overall,Overall,686,10.5,9.2,11.7,368,%,Crude Prevalence,,,BRFSS,CLASS07,Topic36,46,BO1,CAT1,CHECKUP1,RESP064,"(44.353130053000484, -100.3735306369997)"
2014,SD,South Dakota,Health Care Access/Coverage,About how long has it been since you last visited a doctor for a routine checkup?,Last Checkup,Within the past 5 years,Overall,Overall,464,7.5,6.3,8.7,369,%,Crude Prevalence,,,BRFSS,CLASS07,Topic36,46,BO1,CAT1,CHECKUP1,RESP065,"(44.353130053000484, -100.3735306369997)"
2014,SD,South Dakota,Health Care Access/Coverage,About how long has it been since you last visited a doctor for a routine checkup?,Last Checkup,5 or more years ago,Overall,Overall,616,10.8,9.4,12.2,370,%,Crude Prevalence,,,BRFSS,CLASS07,Topic36,46,BO1,CAT1,CHECKUP1,RESP066,"(44.353130053000484, -100.3735306369997)"
2014,SD,South Dakota,Health Care Access/Coverage,About how long has it been since you last visited a doctor for a routine checkup?,Last Checkup,Never,Overall,Overall,100,1.7,1.1,2.2,371,%,Crude Prevalence,,,BRFSS,CLASS07,Topic36,46,BO1,CAT1,CHECKUP1,RESP067,"(44.353130053000484, -100.3735306369997)"
2014,TN,Tennessee,Health Care Access/Coverage,About how long has it been since you last visited a doctor for a routine checkup?,Last Checkup,Within the past year,Overall,Overall,"4,136",74.5,72.6,76.4,367,%,Crude Prevalence,,,BRFSS,CLASS07,Topic36,47,BO1,CAT1,CHECKUP1,RESP063,"(35.68094058000048, -85.77449091399967)"
2014,TN,Tennessee,Health Care Access/Coverage,About how long has it been since you last visited a doctor for a routine checkup?,Last Checkup,Within the past 2 years,Overall,Overall,444,11.1,9.7,12.5,368,%,Crude Prevalence,,,BRFSS,CLASS07,Topic36,47,BO1,CAT1,CHECKUP1,RESP064,"(35.68094058000048, -85.77449091399967)"
2014,TN,Tennessee,Health Care Access/Coverage,About how long has it been since you last visited a doctor for a routine checkup?,Last Checkup,Within the past 5 years,Overall,Overall,220,6.5,5.3,7.6,369,%,Crude Prevalence,,,BRFSS,CLASS07,Topic36,47,BO1,CAT1,CHECKUP1,RESP065,"(35.68094058000048, -85.77449091399967)"
2014,TN,Tennessee,Health Care Access/Coverage,About how long has it been since you last visited a doctor for a routine checkup?,Last Checkup,5 or more years ago,Overall,Overall,255,7.2,6,8.3,370,%,Crude Prevalence,,,BRFSS,CLASS07,Topic36,47,BO1,CAT1,CHECKUP1,RESP066,"(35.68094058000048, -85.77449091399967)"
2014,TN,Tennessee,Health Care Access/Coverage,About how long has it been since you last visited a doctor for a routine checkup?,Last Checkup,Never,Overall,Overall,20,,,,371,%,Crude Prevalence,*,Prevalence estimate not available if the unweighted sample size for the denominator was < 50 or the Relative Standard Error (RSE) is > 0.3 or if the state did not collect data for that calendar year.,BRFSS,CLASS07,Topic36,47,BO1,CAT1,CHECKUP1,RESP067,"(35.68094058000048, -85.77449091399967)"
2014,TX,Texas,Health Care Access/Coverage,About how long has it been since you last visited a doctor for a routine checkup?,Last Checkup,Within the past year,Overall,Overall,"11,287",67.6,66.3,68.9,367,%,Crude Prevalence,,,BRFSS,CLASS07,Topic36,48,BO1,CAT1,CHECKUP1,RESP063,"(31.827240407000488, -99.42677020599967)"
2014,TX,Texas,Health Care Access/Coverage,About how long has it been since you last visited a doctor for a routine checkup?,Last Checkup,Within the past 2 years,Overall,Overall,"1,591",12.5,11.5,13.5,368,%,Crude Prevalence,,,BRFSS,CLASS07,Topic36,48,BO1,CAT1,CHECKUP1,RESP064,"(31.827240407000488, -99.42677020599967)"
2014,TX,Texas,Health Care Access/Coverage,About how long has it been since you last visited a doctor for a routine checkup?,Last Checkup,Within the past 5 years,Overall,Overall,"1,014",9.1,8.3,9.9,369,%,Crude Prevalence,,,BRFSS,CLASS07,Topic36,48,BO1,CAT1,CHECKUP1,RESP065,"(31.827240407000488, -99.42677020599967)"
2014,TX,Texas,Health Care Access/Coverage,About how long has it been since you last visited a doctor for a routine checkup?,Last Checkup,5 or more years ago,Overall,Overall,"1,010",8.4,7.7,9.2,370,%,Crude Prevalence,,,BRFSS,CLASS07,Topic36,48,BO1,CAT1,CHECKUP1,RESP066,"(31.827240407000488, -99.42677020599967)"
2014,TX,Texas,Health Care Access/Coverage,About how long has it been since you last visited a doctor for a routine checkup?,Last Checkup,Never,Overall,Overall,228,2.4,1.9,2.8,371,%,Crude Prevalence,,,BRFSS,CLASS07,Topic36,48,BO1,CAT1,CHECKUP1,RESP067,"(31.827240407000488, -99.42677020599967)"
2014,UT,Utah,Health Care Access/Coverage,About how long has it been since you last visited a doctor for a routine checkup?,Last Checkup,Within the past year,Overall,Overall,"9,128",58,57,59,367,%,Crude Prevalence,,,BRFSS,CLASS07,Topic36,49,BO1,CAT1,CHECKUP1,RESP063,"(39.360700171000474, -111.58713063499971)"
2014,UT,Utah,Health Care Access/Coverage,About how long has it been since you last visited a doctor for a routine checkup?,Last Checkup,Within the past 2 years,Overall,Overall,"2,335",16.6,15.9,17.4,368,%,Crude Prevalence,,,BRFSS,CLASS07,Topic36,49,BO1,CAT1,CHECKUP1,RESP064,"(39.360700171000474, -111.58713063499971)"
2014,UT,Utah,Health Care Access/Coverage,About how long has it been since you last visited a doctor for a routine checkup?,Last Checkup,Within the past 5 years,Overall,Overall,"1,563",12.2,11.5,12.9,369,%,Crude Prevalence,,,BRFSS,CLASS07,Topic36,49,BO1,CAT1,CHECKUP1,RESP065,"(39.360700171000474, -111.58713063499971)"
2014,UT,Utah,Health Care Access/Coverage,About how long has it been since you last visited a doctor for a routine checkup?,Last Checkup,5 or more years ago,Overall,Overall,"1,427",10.8,10.1,11.4,370,%,Crude Prevalence,,,BRFSS,CLASS07,Topic36,49,BO1,CAT1,CHECKUP1,RESP066,"(39.360700171000474, -111.58713063499971)"
2014,UT,Utah,Health Care Access/Coverage,About how long has it been since you last visited a doctor for a routine checkup?,Last Checkup,Never,Overall,Overall,261,2.5,2.1,2.8,371,%,Crude Prevalence,,,BRFSS,CLASS07,Topic36,49,BO1,CAT1,CHECKUP1,RESP067,"(39.360700171000474, -111.58713063499971)"
2014,VT,Vermont,Health Care Access/Coverage,About how long has it been since you last visited a doctor for a routine checkup?,Last Checkup,Within the past year,Overall,Overall,"4,511",67.6,66.2,69.1,366,%,Crude Prevalence,,,BRFSS,CLASS07,Topic36,50,BO1,CAT1,CHECKUP1,RESP063,"(43.62538123900049, -72.51764079099962)"
2014,VT,Vermont,Health Care Access/Coverage,About how long has it been since you last visited a doctor for a routine checkup?,Last Checkup,Within the past 2 years,Overall,Overall,"1,017",16.8,15.7,18,367,%,Crude Prevalence,,,BRFSS,CLASS07,Topic36,50,BO1,CAT1,CHECKUP1,RESP064,"(43.62538123900049, -72.51764079099962)"
2014,VT,Vermont,Health Care Access/Coverage,About how long has it been since you last visited a doctor for a routine checkup?,Last Checkup,Within the past 5 years,Overall,Overall,501,8.7,7.8,9.5,368,%,Crude Prevalence,,,BRFSS,CLASS07,Topic36,50,BO1,CAT1,CHECKUP1,RESP065,"(43.62538123900049, -72.51764079099962)"
2014,VT,Vermont,Health Care Access/Coverage,About how long has it been since you last visited a doctor for a routine checkup?,Last Checkup,5 or more years ago,Overall,Overall,347,6.2,5.5,7,369,%,Crude Prevalence,,,BRFSS,CLASS07,Topic36,50,BO1,CAT1,CHECKUP1,RESP066,"(43.62538123900049, -72.51764079099962)"
2014,VT,Vermont,Health Care Access/Coverage,About how long has it been since you last visited a doctor for a routine checkup?,Last Checkup,Never,Overall,Overall,36,0.6,0.4,0.9,370,%,Crude Prevalence,,,BRFSS,CLASS07,Topic36,50,BO1,CAT1,CHECKUP1,RESP067,"(43.62538123900049, -72.51764079099962)"
2014,VA,Virginia,Health Care Access/Coverage,About how long has it been since you last visited a doctor for a routine checkup?,Last Checkup,Within the past year,Overall,Overall,"7,406",73.4,72.1,74.7,367,%,Crude Prevalence,,,BRFSS,CLASS07,Topic36,51,BO1,CAT1,CHECKUP1,RESP063,"(37.54268067400045, -78.45789046299967)"
2014,VA,Virginia,Health Care Access/Coverage,About how long has it been since you last visited a doctor for a routine checkup?,Last Checkup,Within the past 2 years,Overall,Overall,912,11.8,10.9,12.8,368,%,Crude Prevalence,,,BRFSS,CLASS07,Topic36,51,BO1,CAT1,CHECKUP1,RESP064,"(37.54268067400045, -78.45789046299967)"
2014,VA,Virginia,Health Care Access/Coverage,About how long has it been since you last visited a doctor for a routine checkup?,Last Checkup,Within the past 5 years,Overall,Overall,492,6.9,6.2,7.7,369,%,Crude Prevalence,,,BRFSS,CLASS07,Topic36,51,BO1,CAT1,CHECKUP1,RESP065,"(37.54268067400045, -78.45789046299967)"
2014,VA,Virginia,Health Care Access/Coverage,About how long has it been since you last visited a doctor for a routine checkup?,Last Checkup,5 or more years ago,Overall,Overall,516,6.8,6.1,7.6,370,%,Crude Prevalence,,,BRFSS,CLASS07,Topic36,51,BO1,CAT1,CHECKUP1,RESP066,"(37.54268067400045, -78.45789046299967)"
2014,VA,Virginia,Health Care Access/Coverage,About how long has it been since you last visited a doctor for a routine checkup?,Last Checkup,Never,Overall,Overall,57,1.1,0.7,1.4,371,%,Crude Prevalence,,,BRFSS,CLASS07,Topic36,51,BO1,CAT1,CHECKUP1,RESP067,"(37.54268067400045, -78.45789046299967)"
2014,WA,Washington,Health Care Access/Coverage,About how long has it been since you last visited a doctor for a routine checkup?,Last Checkup,Within the past year,Overall,Overall,"6,942",64.1,62.7,65.5,367,%,Crude Prevalence,,,BRFSS,CLASS07,Topic36,53,BO1,CAT1,CHECKUP1,RESP063,"(47.52227862900048, -120.47001078999972)"
2014,WA,Washington,Health Care Access/Coverage,About how long has it been since you last visited a doctor for a routine checkup?,Last Checkup,Within the past 2 years,Overall,Overall,"1,397",15.1,14.1,16.1,368,%,Crude Prevalence,,,BRFSS,CLASS07,Topic36,53,BO1,CAT1,CHECKUP1,RESP064,"(47.52227862900048, -120.47001078999972)"
2014,WA,Washington,Health Care Access/Coverage,About how long has it been since you last visited a doctor for a routine checkup?,Last Checkup,Within the past 5 years,Overall,Overall,840,11.2,10.2,12.1,369,%,Crude Prevalence,,,BRFSS,CLASS07,Topic36,53,BO1,CAT1,CHECKUP1,RESP065,"(47.52227862900048, -120.47001078999972)"
2014,WA,Washington,Health Care Access/Coverage,About how long has it been since you last visited a doctor for a routine checkup?,Last Checkup,5 or more years ago,Overall,Overall,690,8.8,8,9.7,370,%,Crude Prevalence,,,BRFSS,CLASS07,Topic36,53,BO1,CAT1,CHECKUP1,RESP066,"(47.52227862900048, -120.47001078999972)"
2014,WA,Washington,Health Care Access/Coverage,About how long has it been since you last visited a doctor for a routine checkup?,Last Checkup,Never,Overall,Overall,75,0.8,0.6,1.1,371,%,Crude Prevalence,,,BRFSS,CLASS07,Topic36,53,BO1,CAT1,CHECKUP1,RESP067,"(47.52227862900048, -120.47001078999972)"
2014,WV,West Virginia,Health Care Access/Coverage,About how long has it been since you last visited a doctor for a routine checkup?,Last Checkup,Within the past year,Overall,Overall,"4,997",77.2,75.8,78.6,367,%,Crude Prevalence,,,BRFSS,CLASS07,Topic36,54,BO1,CAT1,CHECKUP1,RESP063,"(38.66551020200046, -80.71264013499967)"
2014,WV,West Virginia,Health Care Access/Coverage,About how long has it been since you last visited a doctor for a routine checkup?,Last Checkup,Within the past 2 years,Overall,Overall,466,9.2,8.2,10.2,368,%,Crude Prevalence,,,BRFSS,CLASS07,Topic36,54,BO1,CAT1,CHECKUP1,RESP064,"(38.66551020200046, -80.71264013499967)"
2014,WV,West Virginia,Health Care Access/Coverage,About how long has it been since you last visited a doctor for a routine checkup?,Last Checkup,Within the past 5 years,Overall,Overall,259,5.4,4.6,6.1,369,%,Crude Prevalence,,,BRFSS,CLASS07,Topic36,54,BO1,CAT1,CHECKUP1,RESP065,"(38.66551020200046, -80.71264013499967)"
2014,WV,West Virginia,Health Care Access/Coverage,About how long has it been since you last visited a doctor for a routine checkup?,Last Checkup,5 or more years ago,Overall,Overall,374,7.5,6.6,8.4,370,%,Crude Prevalence,,,BRFSS,CLASS07,Topic36,54,BO1,CAT1,CHECKUP1,RESP066,"(38.66551020200046, -80.71264013499967)"
2014,WV,West Virginia,Health Care Access/Coverage,About how long has it been since you last visited a doctor for a routine checkup?,Last Checkup,Never,Overall,Overall,33,0.7,0.4,1,371,%,Crude Prevalence,,,BRFSS,CLASS07,Topic36,54,BO1,CAT1,CHECKUP1,RESP067,"(38.66551020200046, -80.71264013499967)"
2014,WI,Wisconsin,Health Care Access/Coverage,About how long has it been since you last visited a doctor for a routine checkup?,Last Checkup,Within the past year,Overall,Overall,"5,171",69.9,68.3,71.5,367,%,Crude Prevalence,,,BRFSS,CLASS07,Topic36,55,BO1,CAT1,CHECKUP1,RESP063,"(44.39319117400049, -89.81637074199966)"
2014,WI,Wisconsin,Health Care Access/Coverage,About how long has it been since you last visited a doctor for a routine checkup?,Last Checkup,Within the past 2 years,Overall,Overall,874,13.7,12.5,14.8,368,%,Crude Prevalence,,,BRFSS,CLASS07,Topic36,55,BO1,CAT1,CHECKUP1,RESP064,"(44.39319117400049, -89.81637074199966)"
2014,WI,Wisconsin,Health Care Access/Coverage,About how long has it been since you last visited a doctor for a routine checkup?,Last Checkup,Within the past 5 years,Overall,Overall,510,8.5,7.5,9.4,369,%,Crude Prevalence,,,BRFSS,CLASS07,Topic36,55,BO1,CAT1,CHECKUP1,RESP065,"(44.39319117400049, -89.81637074199966)"
2014,WI,Wisconsin,Health Care Access/Coverage,About how long has it been since you last visited a doctor for a routine checkup?,Last Checkup,5 or more years ago,Overall,Overall,420,7.1,6.2,8.1,370,%,Crude Prevalence,,,BRFSS,CLASS07,Topic36,55,BO1,CAT1,CHECKUP1,RESP066,"(44.39319117400049, -89.81637074199966)"
2014,WI,Wisconsin,Health Care Access/Coverage,About how long has it been since you last visited a doctor for a routine checkup?,Last Checkup,Never,Overall,Overall,38,0.9,0.5,1.2,371,%,Crude Prevalence,,,BRFSS,CLASS07,Topic36,55,BO1,CAT1,CHECKUP1,RESP067,"(44.39319117400049, -89.81637074199966)"
2014,WY,Wyoming,Health Care Access/Coverage,About how long has it been since you last visited a doctor for a routine checkup?,Last Checkup,Within the past year,Overall,Overall,"4,228",58.4,56.2,60.5,367,%,Crude Prevalence,,,BRFSS,CLASS07,Topic36,56,BO1,CAT1,CHECKUP1,RESP063,"(43.23554134300048, -108.10983035299967)"
2014,WY,Wyoming,Health Care Access/Coverage,About how long has it been since you last visited a doctor for a routine checkup?,Last Checkup,Within the past 2 years,Overall,Overall,873,16.6,15,18.3,368,%,Crude Prevalence,,,BRFSS,CLASS07,Topic36,56,BO1,CAT1,CHECKUP1,RESP064,"(43.23554134300048, -108.10983035299967)"
2014,WY,Wyoming,Health Care Access/Coverage,About how long has it been since you last visited a doctor for a routine checkup?,Last Checkup,Within the past 5 years,Overall,Overall,497,9.6,8.3,11,369,%,Crude Prevalence,,,BRFSS,CLASS07,Topic36,56,BO1,CAT1,CHECKUP1,RESP065,"(43.23554134300048, -108.10983035299967)"
2014,WY,Wyoming,Health Care Access/Coverage,About how long has it been since you last visited a doctor for a routine checkup?,Last Checkup,5 or more years ago,Overall,Overall,625,13.8,12.1,15.5,370,%,Crude Prevalence,,,BRFSS,CLASS07,Topic36,56,BO1,CAT1,CHECKUP1,RESP066,"(43.23554134300048, -108.10983035299967)"
2014,WY,Wyoming,Health Care Access/Coverage,About how long has it been since you last visited a doctor for a routine checkup?,Last Checkup,Never,Overall,Overall,79,1.6,1.1,2.2,371,%,Crude Prevalence,,,BRFSS,CLASS07,Topic36,56,BO1,CAT1,CHECKUP1,RESP067,"(43.23554134300048, -108.10983035299967)"
2014,GU,Guam,Health Care Access/Coverage,About how long has it been since you last visited a doctor for a routine checkup?,Last Checkup,Within the past year,Overall,Overall,"1,602",58.4,55.6,61.3,365,%,Crude Prevalence,,,BRFSS,CLASS07,Topic36,66,BO1,CAT1,CHECKUP1,RESP063,"(13.444304, 144.793731)"
2014,GU,Guam,Health Care Access/Coverage,About how long has it been since you last visited a doctor for a routine checkup?,Last Checkup,Within the past 2 years,Overall,Overall,354,14.1,12.3,16,366,%,Crude Prevalence,,,BRFSS,CLASS07,Topic36,66,BO1,CAT1,CHECKUP1,RESP064,"(13.444304, 144.793731)"
2014,GU,Guam,Health Care Access/Coverage,About how long has it been since you last visited a doctor for a routine checkup?,Last Checkup,Within the past 5 years,Overall,Overall,218,9.4,7.7,11.1,367,%,Crude Prevalence,,,BRFSS,CLASS07,Topic36,66,BO1,CAT1,CHECKUP1,RESP065,"(13.444304, 144.793731)"
2014,GU,Guam,Health Care Access/Coverage,About how long has it been since you last visited a doctor for a routine checkup?,Last Checkup,5 or more years ago,Overall,Overall,274,15.1,12.7,17.4,368,%,Crude Prevalence,,,BRFSS,CLASS07,Topic36,66,BO1,CAT1,CHECKUP1,RESP066,"(13.444304, 144.793731)"
2014,GU,Guam,Health Care Access/Coverage,About how long has it been since you last visited a doctor for a routine checkup?,Last Checkup,Never,Overall,Overall,55,3,1.9,4.1,369,%,Crude Prevalence,,,BRFSS,CLASS07,Topic36,66,BO1,CAT1,CHECKUP1,RESP067,"(13.444304, 144.793731)"
2014,PR,Puerto Rico,Health Care Access/Coverage,About how long has it been since you last visited a doctor for a routine checkup?,Last Checkup,Within the past year,Overall,Overall,"4,826",76.4,75,77.9,345,%,Crude Prevalence,,,BRFSS,CLASS07,Topic36,72,BO1,CAT1,CHECKUP1,RESP063,"(18.220833, -66.590149)"
2014,PR,Puerto Rico,Health Care Access/Coverage,About how long has it been since you last visited a doctor for a routine checkup?,Last Checkup,Within the past 2 years,Overall,Overall,607,12.4,11.3,13.6,346,%,Crude Prevalence,,,BRFSS,CLASS07,Topic36,72,BO1,CAT1,CHECKUP1,RESP064,"(18.220833, -66.590149)"
2014,PR,Puerto Rico,Health Care Access/Coverage,About how long has it been since you last visited a doctor for a routine checkup?,Last Checkup,Within the past 5 years,Overall,Overall,270,6.4,5.5,7.3,347,%,Crude Prevalence,,,BRFSS,CLASS07,Topic36,72,BO1,CAT1,CHECKUP1,RESP065,"(18.220833, -66.590149)"
2014,PR,Puerto Rico,Health Care Access/Coverage,About how long has it been since you last visited a doctor for a routine checkup?,Last Checkup,5 or more years ago,Overall,Overall,156,3.6,2.9,4.2,348,%,Crude Prevalence,,,BRFSS,CLASS07,Topic36,72,BO1,CAT1,CHECKUP1,RESP066,"(18.220833, -66.590149)"
2014,PR,Puerto Rico,Health Care Access/Coverage,About how long has it been since you last visited a doctor for a routine checkup?,Last Checkup,Never,Overall,Overall,47,1.2,0.8,1.6,349,%,Crude Prevalence,,,BRFSS,CLASS07,Topic36,72,BO1,CAT1,CHECKUP1,RESP067,"(18.220833, -66.590149)"
2014,UW,All States and DC (median) **,Health Care Access/Coverage,About how long has it been since you last visited a doctor for a routine checkup?,Last Checkup,Within the past year,Overall,Overall,51,69.6,,,366,%,Crude Prevalence,,,BRFSS,CLASS07,Topic36,98,BO1,CAT1,CHECKUP1,RESP063,
2014,UW,All States and DC (median) **,Health Care Access/Coverage,About how long has it been since you last visited a doctor for a routine checkup?,Last Checkup,Within the past 2 years,Overall,Overall,51,13.2,,,367,%,Crude Prevalence,,,BRFSS,CLASS07,Topic36,98,BO1,CAT1,CHECKUP1,RESP064,
2014,UW,All States and DC (median) **,Health Care Access/Coverage,About how long has it been since you last visited a doctor for a routine checkup?,Last Checkup,Within the past 5 years,Overall,Overall,51,8.2,,,368,%,Crude Prevalence,,,BRFSS,CLASS07,Topic36,98,BO1,CAT1,CHECKUP1,RESP065,
2014,UW,All States and DC (median) **,Health Care Access/Coverage,About how long has it been since you last visited a doctor for a routine checkup?,Last Checkup,5 or more years ago,Overall,Overall,51,8.3,,,369,%,Crude Prevalence,,,BRFSS,CLASS07,Topic36,98,BO1,CAT1,CHECKUP1,RESP066,
2014,UW,All States and DC (median) **,Health Care Access/Coverage,About how long has it been since you last visited a doctor for a routine checkup?,Last Checkup,Never,Overall,Overall,47,1.1,,,370,%,Crude Prevalence,,,BRFSS,CLASS07,Topic36,98,BO1,CAT1,CHECKUP1,RESP067,
2014,US,"All States, DC and Territories (median) **",Health Care Access/Coverage,About how long has it been since you last visited a doctor for a routine checkup?,Last Checkup,Within the past year,Overall,Overall,53,69.6,,,366,%,Crude Prevalence,,,BRFSS,CLASS07,Topic36,99,BO1,CAT1,CHECKUP1,RESP063,
2014,US,"All States, DC and Territories (median) **",Health Care Access/Coverage,About how long has it been since you last visited a doctor for a routine checkup?,Last Checkup,Within the past 2 years,Overall,Overall,53,13.2,,,367,%,Crude Prevalence,,,BRFSS,CLASS07,Topic36,99,BO1,CAT1,CHECKUP1,RESP064,
2014,US,"All States, DC and Territories (median) **",Health Care Access/Coverage,About how long has it been since you last visited a doctor for a routine checkup?,Last Checkup,Within the past 5 years,Overall,Overall,53,8.2,,,368,%,Crude Prevalence,,,BRFSS,CLASS07,Topic36,99,BO1,CAT1,CHECKUP1,RESP065,
2014,US,"All States, DC and Territories (median) **",Health Care Access/Coverage,About how long has it been since you last visited a doctor for a routine checkup?,Last Checkup,5 or more years ago,Overall,Overall,53,8.3,,,369,%,Crude Prevalence,,,BRFSS,CLASS07,Topic36,99,BO1,CAT1,CHECKUP1,RESP066,
2014,US,"All States, DC and Territories (median) **",Health Care Access/Coverage,About how long has it been since you last visited a doctor for a routine checkup?,Last Checkup,Never,Overall,Overall,49,1.2,,,370,%,Crude Prevalence,,,BRFSS,CLASS07,Topic36,99,BO1,CAT1,CHECKUP1,RESP067,
